Name,Logo,Site,Funding Rounds,Location(s),Notes
.406 Ventures,vmm6ugjlhyps9yhu3ufi.png (https://v5.airtableusercontent.com/v1/15/15/1678500000000/N7PXL2RVPvziynoUA0drfQ/Wsr1cUc0_-KON_pYnep6aytjzjl9mBUFwyJbIPqsAdGODA5jQtLxg_PxMMk1lUQz/N7-XZnjt9pDf0DJDipwbfdqU_86gINtJek-MONkEMuo),http://www.406ventures.com/,.406 Ventures II,Boston/Cambridge,
83North,booplpldsebesnxqyt3o.png (https://v5.airtableusercontent.com/v1/15/15/1678500000000/kAVoSc-vkBHsq-HViV4sTw/pm9-mkAw51DQm5jG8rzGI-kEKbwyAffpE4E477VL5FKEck0eQreGOFvRs5W_Oq8p/x1P9dbYPSpF-n3VIH6bJE7sA1_UKVl2MzQu1PaXTwU4),http://www.83north.com/,83North I,"Tel Aviv Metro Area,London",Formerly Greylock IL
500 Startups,ehscebzgx2cvshmw9vxb.jpg (https://v5.airtableusercontent.com/v1/15/15/1678500000000/S0x6GMQvujfXq-vCwpim_g/_ppkBECZwGV_QNIImsBOLFURX0bq50LuYFSWZdwyTaQPBch_2pCF1IxeMkdp-8lz/1A7jpKiRqfQrcPVU14ZekM_s4V9AdFSzfmlkvfDY3TQ),http://500.co/,"500 Startups III,500 Startups II,500 Startups I","SF Bay Area/Silicon Valley,""New York, NY"",Mexico City",
1955 Capital,im04cp1aagy36n35cdhz.png (https://v5.airtableusercontent.com/v1/15/15/1678500000000/IS4PMG3FthwAHPppZ0NDgQ/qce2bxLUfR54dKYvp9roYEhH72WVXDTgnaRzIYRhE08tRVYE0cDUwdNQ8dMjWrdK/scsZitD-GKKfjzbbxO25SxfhP0FcuvXVtAAAsM2xDUg),http://www.1955.capital/,1955 Capital I,SF Bay Area/Silicon Valley,
Acton Capital Partners,acton_capital_partners.jpg (https://v5.airtableusercontent.com/v1/15/15/1678500000000/PhEtw4EPbrt-ryH25k1dpw/JWn2yGvgPXfPpAcFeVXE3Hc3SLg3yhInAZw7DTznk1GsyUN9ivGT_YVi5YXShytW/YZFn1JU2ESCZNVnnijMjuT7xSPG-1CcgmZdvOpCU--s),http://www.actoncapital.com/,Acton Capital Partners II,Munich,
AH Bio Fund,andreesen_horowitz.jpg (https://v5.airtableusercontent.com/v1/15/15/1678500000000/9a9G6p6szpvmOcYalR5xyg/-i3hLR2nsPcF2RHxiN3EYZBXJYt5_-KrtP7qn6ih3G5G-PxLlJX42cWLm2jLLkk-/Ew1K4K8-hYQG97inBI0FBXvTydivhijIg0pS0Qdeiuc),http://www.a16z.com/,AH Bio Fund I,SF Bay Area/Silicon Valley,
Akkadian Ventures,akkadian_ventures.jpg (https://v5.airtableusercontent.com/v1/15/15/1678500000000/bAPMI9S1PKAvOpyotBZovw/IewFQSX_gi_bDoV5J8RxcgNXP9vlOHLr7IJ0KvRg8NeiRzhQY9dqkiquO-vIz2Cq/EVhBbhSwogtferAw0kGh8g7cnzR3EOf_eAqqO6eMpPY),http://www.akkadianventures.com/,Akkadian Ventures III,SF Bay Area/Silicon Valley,
Aleph,26aede45ba3f3e304ec6f80014f919c6.png (https://v5.airtableusercontent.com/v1/15/15/1678500000000/VTWS0w01P7eiS7bqXaYVBQ/MOF2KC0DR0vZcqkrIrhAqObde3sHju5Z3pcaCviG98rvID58D4x5Fn5tcqOrfP22ltWfNEteC8B_55aBCgn3gw/0Vdvrf9B8gwFir58Rf9_kBCwaDgI7uv0sgiwuC1GpDY),http://aleph.vc/,Aleph I,Tel Aviv Metro Area,
Aligned Partners,f01ae3f6f8dafa6d25c65fabef5496e2.jpg (https://v5.airtableusercontent.com/v1/15/15/1678500000000/WBTXqqqP5zEEDvBWgkjKaQ/xcvNE44JUdqxxgoLkiGw6mTihJQ2UvaMr_otc29jE8_O6yvF3MHC8W8XkqNhTBOawB2vS6gnann4-9bKNUDprA/H_9iOoSBakXloJHaslDE3JGxAvQ6YuU2KBLRg_k3tD0),http://alignedvc.com/,Aligned Partners II,SF Bay Area/Silicon Valley,
Alsop Louie,alsop_louie.jpg (https://v5.airtableusercontent.com/v1/15/15/1678500000000/h1fKbt2OsTp6cfBuVPmauA/Ufyu5RvRLfyWicsXRw7sQrfN1UsbkhTIz5FjLHXzu7eGs547jj6rTenMLUqfm4EN/6XF9pFeQ9jCdjnPTkr7krvi_Kfe-ZLB3zE38uNuU-OY),http://www.alsop-louie.com/,Alsop Louie III,SF Bay Area/Silicon Valley,
Altos Ventures,altos_ventures.jpg (https://v5.airtableusercontent.com/v1/15/15/1678500000000/c3T534yI4RigFJiKRvBMLw/s5D6VLXTObAFZFWktquyxAF6-cs50dynqfBrOrpACgaxxfMqS_VYtLjS4rP4k03X/tM52aZMPDn-ANYqD3J45rI6t1tNPD9N0kcVhR7IWID4),http://www.altos.vc/,"Altos Ventures I,Altos Ventures II","SF Bay Area/Silicon Valley,Seoul",
Ameba Capital,,,Ameba Capital II,Hong Kong,
Amplify Partners,090c8f938467b740370ce482c709c058.png (https://v5.airtableusercontent.com/v1/15/15/1678500000000/1TBqyRK4p3FFx7PQKFMBtw/GonQ126yGVWcVKAyKN7_iWmCaR5kHIYW4tTc7BIEvETftVjAAUH7q8XYPibNPUlNzJtnxEDLnUAA1Rn-maLKEQ/oaga1LNB0AMsx7ix5c1Bg--rXJuH41tmjBTgTIzK0s0),http://www.amplifypartners.com/,"Amplify Partners II,Amplify Partners I","SF Bay Area/Silicon Valley,Boston/Cambridge",
Amplify.LA,a6n2dcrl0yyejsen1ber.png (https://v5.airtableusercontent.com/v1/15/15/1678500000000/7LKmH0ueSFeKxCxKwCjDuA/Ou1wfPpM8-d2TLWcKv17bAU85y4D8JZvgaFkboFyTdV0Uy8kSBD_BylamxeD4CBo/z34c_IPJZZN-OzkGbGOKVYjl1q00kghZV55uCuMMb3o),http://amplify.la/,Amplify.LA II,Los Angeles,
Arthur Ventures,arthur_ventures.jpg (https://v5.airtableusercontent.com/v1/15/15/1678500000000/rEfBEYn9XwVed-M4yVKwUw/zKpxpsxDrkcjDqhxLvn8Mn0qlaKvvtAwDzf92TQzdbxxsuaSKZyGEtjGagD1LScb/VRYtt3qF0JOPZzUk4Ul8IRrWDN8-QKXLeIPirbWs9D8),http://arthurventures.com/,Arthur Ventures II,"""Minneapolis, MN"",""Fargo, ND""",
Aspect Ventures,aspect_ventures.jpg (https://v5.airtableusercontent.com/v1/15/15/1678500000000/0wDPUXe03_bSMEphXiHeyg/wwKYXpIZYI5Rn3a-98drYpnQcNy7AahSnv71VBQXNITZwhaXQ4ATlws9LQJMJfQW/CUzWkLU2ZKsd-kIELcAxOKJ4X0reFByNYocLW-JRhW8),http://www.aspectventures.com/,Aspect Ventures I,SF Bay Area/Silicon Valley,
B-to-v Partners,tsxkignvzns4z3yw3pau.png (https://v5.airtableusercontent.com/v1/15/15/1678500000000/ohGNK8WoJ_eQyqcctmXzuA/eltmrJu0htf1XToF6TtrhONIBTS2Q5E8TxnOyp8BWkiZQdvPlsYw8U0BEw7s9nFa/LqQZJGXvHq9w7X10OqatdKvQK5XwCab4qK6IhivrGd0),http://www.b-to-v.com/,B-to-v Partners III,"Berlin,""St. Gallen, Switzerland"",Luxembourg",
BBVA Ventures,38a2ee594f3141af6182f435e804728a.png (https://v5.airtableusercontent.com/v1/15/15/1678500000000/99FCFsp_IjWyAgvQt6PyVA/gTVwZNzDZI9C2-dYhvVmV2XXxOB4r2TWxJrmdrWbeALo-VB8OHDmQ_xeNwKhLGLNDxcshsJOikWKfREOpZN__g/Kdsd0xjsGYQQgJJY29W-_ejtFFOMyDqtOjS_COAmbBE),http://bbvaventures.com/,BBVA Ventures I,"Madrid,SF Bay Area/Silicon Valley",Closed 2/11/16
Bee Partners,hiezkgml1tus5dkxjeud.jpg (https://v5.airtableusercontent.com/v1/15/15/1678500000000/Z1ovhkJB2LR6r63Bffiybw/d-1ibZB-rj4jwbK69fBKv1b_bJlp1x5A2drStjSRfTs5ZGH1q-Q5WycP0z14FpbL/f_zJQ41Vb5cV-E5rkA_IWejUpllUcd9H7t7WNUKRJLA),http://beepartners.vc/,"Bee Partners II,Bee Partners I",SF Bay Area/Silicon Valley,
Benhamou Global Ventures,fc39e8e9eed001df773b3c4fbf56ef51.jpg (https://v5.airtableusercontent.com/v1/15/15/1678500000000/yIMZmXr0XIhGiz2ouF8YsQ/eujLuj1_Pe3lmbNdILY6Pe_yc28IdntlKPHRi-uk2l0ZfW1jdJa6g4AIscpejjq5bjLsw0Qhi4tDazc09kn3bg/fdTBDQfDsOx1pcuSB7lce4fbXM_fgcgtqV45w4WqP8E),http://benhamouglobalventures.com/,Benhamou Global Ventures III,SF Bay Area/Silicon Valley,
Binary Capital,ni2nou06uafinorvxnbs.png (https://v5.airtableusercontent.com/v1/15/15/1678500000000/hq3EGVwbQCMShyuwKRg9iw/ybXj-v8mmCYElKWjp7Of9nQuLYxhz3euirNv0LYNVD7oSphG1kKdrORIyIUD0IqX/0f740qnFo8oLBzVjkbtPV9ClG7URz7pD4Z4Imf5_D1M),http://www.binarycap.com/,"Binary Capital II,Binary Capital I",SF Bay Area/Silicon Valley,
Blackbird Ventures,ce8300e3ade180ec05e8839e86d11917.png (https://v5.airtableusercontent.com/v1/15/15/1678500000000/s7iH_RH-VD9ypkn99mhRXQ/hq2l-udisNPf3abVU-Rs3IGiQemOzqI_WvGZKvwAz3f-gXkwgGK_PlDtQrx0uCnNHv4WxGInBRK-NfmAuX62cA/VSdj_AWsyh7gocAFr0ZBPFFgz6fbsl-o5ksmJHgq-eE),http://www.blackbird.vc/,Blackbird Ventures I,Sydney,
Bloomberg Beta,7efb1b0061d0a6d64bc0710262fa52b0.png (https://v5.airtableusercontent.com/v1/15/15/1678500000000/E1DE07KjmKbkoIsEkH6yug/FUHeemwryFERhznB6q_ars1TcSmQ7YepkDV5w6Q5-b2YK9hwd2aaPVkNvpQRy2zN4F-JUy8PYC0AThm36Vl7QQ/id5UqHdEzO34FQrW6j0UU4nxWmpjrgxAoOizEXx-wZE),http://www.bloombergbeta.com/,Bloomberg Beta I,"SF Bay Area/Silicon Valley,""New York, NY""",
BlueYard Capital,haafv4fuknpeu9ajnrkh.png (https://v5.airtableusercontent.com/v1/15/15/1678500000000/kgDdHjwOCUDXT0gxo_s72w/QP6EdyvwUi1ODpG6GWdkLrA5vSsvv2X7sW6AUdx3j5TfHPD801DStyFERj286YpV/rvWZyApvZXcD6WEvXaZRbNVxzCP7KkVer065bRnLAHw),http://blueyard.com/,BlueYard Capital I,Berlin,
BoldStart Ventures,kdufratlexxjucykluau.png (https://v5.airtableusercontent.com/v1/15/15/1678500000000/WaPTcT5Ztc6Bay_AUaJEBQ/wzBXEb3g_t6JBY_ZSdsOtxSuiGaKhencWp0ukg711_GsUNebQ15_VDq6xX3uzRJA/jXyqF3z97ihVI-hv62Dhau4gkhCHXP6tA9pKDWTFWAs),http://www.boldstart.vc/,"BoldStart Ventures III,BoldStart Ventures II,BoldStart Ventures I","""New York, NY""",
Bowery Capital,7c99758bb96b7c2b8d84563d511a81cc.png (https://v5.airtableusercontent.com/v1/15/15/1678500000000/TDi-FtqvLPIGds-XtTPdag/udpCzP7gZTmqtohk7UDE5QQ4eabwaY4Rv2ApTwX84fWYkpK6iD-snhwMgTkcWtCzRTCPhB_nZo9DFlbNe8lO_w/DqkT5GCk909CaeX6WdMStdbcoez1Wi-jmMLwnEDCsOw),http://www.bowerycap.com/,Bowery Capital I,"""New York, NY""",
Brooklyn Bridge Ventures,ce27b59a3ca06ccb60d9353ffb60be3e.jpg (https://v5.airtableusercontent.com/v1/15/15/1678500000000/aYCK2FWUksvF8QBndU54AQ/txPCjE0QcKbt2d7Nhfa8ay-wb2I1tnNWR8x0w0UxYaZdEPi-MHxtuu_nYtqap56PSFoqQ8kGnZ1MloD8QFG1mQ/Vb4l52NBK_0rcPGvElWfLB4FhrhQ9Jv41dfm883E8gk),http://brooklynbridge.vc/,"Brooklyn Bridge Ventures II,Brooklyn Bridge Ventures II,Brooklyn Bridge Ventures I","""New York, NY""",
Bryant Stibel,o1bcuj40a8m5glrwmhu9.png (https://v5.airtableusercontent.com/v1/15/15/1678500000000/ndGEqygm6dNAEK-Eoa4fZA/HM1BE523czSLa5pWkO7bWFpU6zJDWWz0VKNv1aMeFBwfECiscsxdy6TSbv5TljgT/So9I8l3vNrt7eAGQmcEYR87elTdveaCLaqqSLdlpE30),http://www.bryantstibel.com/,Bryant Stibel I,Los Angeles,
Bull City Venture Partners,4538497c4fb5f773e3ebaedbd2494820.jpg (https://v5.airtableusercontent.com/v1/15/15/1678500000000/62u6pzQlxtEaJgdpHisLug/iCB6gZ7Ftiuhgvm9NUokAXeHpzM-2EW6lWyOq8_Q22lf6Huw2uy8DV5OwzLLvq9hEB7OSCU0HBr8R3THbQ-ZSA/UxPM2ZSzUZqXxLcSyWbjPlSn1nJx25GVWS9W7n0u5SI),http://www.bcvp.com/,Bull City Venture Partners I,"""Durham, NC""",
Bullpen,425e57daf38f41914df1c1c1e14a9caa.jpg (https://v5.airtableusercontent.com/v1/15/15/1678500000000/48rV4hJqSYJU1bflJUInGA/8vf5ptp8VZFZJNKfzB1V8DJcZjUO3L84urvfiGgQz1WYEzJbNEHxr00TGCmyTN3IuoaJ1p5kUacr7oygO13yGg/lfNxMCcymBT2YSjxTPUdEaXc9PwfdTXiXqt715yGYCI),http://bullpencap.com/,Bullpen III,SF Bay Area/Silicon Valley,
Canvas Fund,xmudzqztbzsflgtw3lcr.jpg (https://v5.airtableusercontent.com/v1/15/15/1678500000000/V9dHVgCJQ_fEpSkazssVhA/ZtDtIDbbLUuZsEQD15mgfcUIqwGBY_J6B9XpPgNAnepzyZLI1TpoXk7KeHSvO0-B/X5hTLPLSKCz_VBeewqUyZ7Sdo6KGsp1nhd1lqjQNlXg),http://www.canvas.vc/,Canvas Fund I,SF Bay Area/Silicon Valley,
Capital Partners,ecdd9db5795446f582c0ba6d1c8e3c90.jpg (https://v5.airtableusercontent.com/v1/15/15/1678500000000/m0NuyG6RRdxDfg4qBQo-pw/AW5S1OA3ldzPc3w9GmGbRwtOU5ILarRe4vKumQ91TQ1KTqlw6vF6WC36DaUJxB0A6y7HIJCgmAfiMx_w3oYEHQ/w9x4ODykSW2PaWi-DFRlqlNDwKMGJEjpgtHzQRNH1vo),http://capitalpartners.com/,Capital Partners I,SF Bay Area/Silicon Valley,
Carmel Ventures,e281da65cd7ad55dbd5dd8d0b5cdc8a6.jpg (https://v5.airtableusercontent.com/v1/15/15/1678500000000/0fWWIP-MiSdoQcdLS48AQA/3AThpKZl4-AM2Nq9lqd-J-Dkl0npo32K45VLX7NXnDj1JPRorg0ZjZMGSXEhqbHzxt5nhqDWncMwDmAvszp99g/m48Drbjn2hOgSeLEeuPbaWxMNaRMgcM4nmvSe5w8UEI),http://www.viola-group.com/Carmelventures,Carmel Ventures IV,Tel Aviv Metro Area,
Causeway Media Partners,yqnzdes5padzp1im6cdu.png (https://v5.airtableusercontent.com/v1/15/15/1678500000000/DRBpGm4fr6FsSdp0H-md4Q/-0mDtpa3DxoTnTP4rLr4_F5WnsOdKzE8TVZlpC-ktMax0iDThAG0j6tY4ghX9dJr/t3HPM82ifeVQVBaJt5t3ZoJ6Z1oEFJKXpd9cQK8uj4s),http://www.causewaymp.com/,"Causeway Media Partners I,Causeway Media Partners I",Boston/Cambridge,
Cendana Capital,vgvsz3rcngvtehk8ekvp.jpg (https://v5.airtableusercontent.com/v1/15/15/1678500000000/BESNw0ao70LRInp0FRs4LA/BufwT7q7cFNI2I_EPy1myCJGi6XdzKr-VY16oFeexpoe6_lGos6UEaLAEBr7w4B7/fLPfIa0wEKtV4sDqyJTjT4vFPfNXWR-EXqOA6thAo5Q),http://www.cendanacapital.com/,"Cendana Capital II,Cendana Capital I",SF Bay Area/Silicon Valley,
Chicago Ventures,b904056ca63e4caa71ed8593dd08dc64.png (https://v5.airtableusercontent.com/v1/15/15/1678500000000/vlgK1Fw4CuNjZVJeFr9BkQ/1AWzoJerXEybFTVb4-As0vWfPLntOylht8Rpk6RsUBXQ7TGHYP9IWfcMKv59YJh_XoA09kbgTcFNBToIeAiJuw/x36jVqsYRPUOKBDHFlcdQB26CD04hXhgjL7eBbrUeRQ),http://chicagoventures.com/,Chicago Ventures II,Chicago,
Chrysalix Venture Capital,owdtnijli3copj4nd8u1.png (https://v5.airtableusercontent.com/v1/15/15/1678500000000/hL4Y4wLBky0QvMsB-GdjTg/WXt4eY9KfWWKfD-m1lrsKaldMmSjLjZo-8uS5jT_h5VJNfkiZA_yE4OlUTQtc-_6/JcKYDbeKdE7lx-31n_f1579T2930WyKAeYSf1hTX6To),http://www.chrysalix.com/,Chrysalix Venture Capital I,Vancouver,
Clear Ventures,tabiok2vhfvcdt2ibxyk.png (https://v5.airtableusercontent.com/v1/15/15/1678500000000/xsIGpRbdAafxmioU3_jZXw/6Nd-Xlc7J_5FaH9cW3m8-4sdTQYghO0QJ0IzsG-cJsR11-ef210efrLCT46Ls01o/ld9a_2xrlAenCcsvaowF_RwvHxfk02jGy8HHVm13Kgo),http://clear.ventures/,Clear Ventures I,SF Bay Area/Silicon Valley,
Collaborative Fund,93db4f1192e705e85828dfb305ab1b8d.jpg (https://v5.airtableusercontent.com/v1/15/15/1678500000000/9-ORzMk2vfGlOI97SzvC5g/6YOpIcTbB4MWWgZp897NaX2S7PoVoqGcQcWYKdSBfU9xaaaWzkLDzcbj-oSLuBl7OpXpgfuH_VyqarIBuidC9Q/hsjYeqlqDLXvUs2pdsT4uCfaqUMA7C_fkNgPbW8YODo),http://www.collaborativefund.com/,"Collaborative Fund III,Collaborative Fund II","""New York, NY"",SF Bay Area/Silicon Valley",
Commerce Ventures,3a196104c9cc2bc12aa37f28f6fd502b.png (https://v5.airtableusercontent.com/v1/15/15/1678500000000/z32v0DoJsX1BgLjHk7XeZA/HG17GjM6VlhwaYbVATRpe0mnZLDxxTjkQxi4HszHqHfBelyPSg0j2agVjSmf9ITj-ao-xnRjIoP1C0qhI6n15A/zL66n7Q1dYH8C57_YDhGzA3mg3vWHK0ZFViaTRF1TbA),http://www.commercevc.com/,Commerce Ventures II,SF Bay Area/Silicon Valley,
Common Angels,d2hs3ttmfqjg03mqflt0.png (https://v5.airtableusercontent.com/v1/15/15/1678500000000/m41VcREzg6BAgRvDh0zBQA/E9azznWvRBv7ViYHyJpSXlxBcVEp8a5R4WciYnZkSL4YID7p-AC1wixy5z6qv90k/XU1wvMBF4CbwVLOqZPFNO4zxglH9fRFOwAZTkK_BgIw),http://convergevp.com/,Common Angels IV,Boston/Cambridge,
Compound,u9tde627pdfvfidqmme7.png (https://v5.airtableusercontent.com/v1/15/15/1678500000000/ncRMrlmyOG1OART_6YOPTQ/EzeXeznIgH3yv8oC0u8za0eFh64H04Dm-gMTKkYii13to7N4XmNeOVzyFpbPOVcL/At6znNwXMHpBsc7Sr8oIqGy892seuUzE2IWNKG-QBos),https://compound.vc/,Compound I,"""New York, NY""",
Connect Ventures,cfajsy7bhywb0jbdfmcw.png (https://v5.airtableusercontent.com/v1/15/15/1678500000000/aQstbyOopxwDpu0np3bpLQ/bpzeqcIkqsFqvonG1jxeCPcY5IWanC2B3FJSV9h01DkFy7xvaI6AFcTDBy02f8ll/V4uzhjUbn2ff_MzYL1tX6Qm5FQJ4CP2PPH2lSgT4V4o),http://www.connectventures.co/,Connect Ventures I,London,
Contour Venture Partners,3c8a62ef1460fe0bf165c464512f3c3d.jpg (https://v5.airtableusercontent.com/v1/15/15/1678500000000/UmV86yJJR_M-ITL84buB1A/1_OHcn7ZY42GymMH5v0GqxDAVq6rvgL3nDgPWBzeG_TV-amm4ZZv2k9OusUKf6xbU_BnWHb8zaxja8BSe0TWWg/yx0mROJrd67ELij8XxVg7wLclStOTF5C6MlL7Ak31x8),http://www.contourventures.com/,Contour Venture Partners III,"""New York, NY""",
Core Innovation Capital,nos4iyqwuz9sgpmmcegh.png (https://v5.airtableusercontent.com/v1/15/15/1678500000000/3tyYROYbOF0_QXbwlotd5Q/iWK3V3S5BxtVmB3iZwLMGvRE-U0zvRTquShErj38g-wLSBdKuCM9MF6ujRtuNhrK/kS326U3YIRpBJEmzX4KlTegvpiWnMaokM04PBylm1dU),http://www.corevc.com/,Core Innovation Capital I,"""New York, NY""",
Correlation Ventures,098b5d40b07e1324c4b92bfb8c8e052a.png (https://v5.airtableusercontent.com/v1/15/15/1678500000000/BkZVBf9h0aY6O3v5xNlsZA/RmABuKb79qHpFgrHsXAfKY8tX6p2NI8Q-4j1p3-k5DW9VdAxXnE9TRJV6R3WmHmO939CXVoFyCAXhD_T-ctRUw/MeyZ_HlhBwSD0B7uZGf5UFgKq6442azuHAPwuRkyTt4),http://correlationvc.com/,Correlation Ventures I,"""San Diego, CA""",
Costanoa Venture Capital,sjmqegstnfkohjv6oek9.png (https://v5.airtableusercontent.com/v1/15/15/1678500000000/upmwzK7vyfTbPjOOYhp1jA/z1KnuzYzLV2C91fL8nJYNbKui56M4gvXU8KjgMqqCWP8T16LaUTpuojzc0iF1AnR/NO3oofUneToDhzBbSqbu2SR-P2buEYpP5IpgXw00XVw),http://costanoavc.com/,"Costanoa Venture Capital I,Costanoa Venture Capital II",SF Bay Area/Silicon Valley,
Courtside Ventures,nnwhhshivlz7nczspfra.png (https://v5.airtableusercontent.com/v1/15/15/1678500000000/BwhvVokAzL57UDvGpwJ9mA/HVpFTHmCaX1enKuRsGzrAVpfRMdGZDa4jrlqdR8WMKAIi_YSqS06kICrNGqeml12/_IpnlFxgRfgTyuXL_2zcKXZZE8lO8PlF86nd1mY6ndk),http://www.courtsidevc.com/,Courtside Ventures I,"""New York, NY"",Detroit",
Cowboy Ventures,fae13beab9fc463dcef42a43d9d4942f.jpg (https://v5.airtableusercontent.com/v1/15/15/1678500000000/Hx8spKIMO2q7YjW7NW0Kbw/19n4x6f-nOqAJ3XXPnmkCWMgbYAdsyxy0ghMBBLATVqgzhurbpFDiSNKQYNtxviSxVIScR1Mw6cPL4zccQhsMg/pupfn1rrnYuU0K_IcGKL2Vg4njjnR0fy8rXbnqzroTQ),http://www.cowboy.vc/,"Cowboy Ventures II,Cowboy Ventures I",SF Bay Area/Silicon Valley,
Craftsman Capital Partners,vcin2nm4wyj8hoatbdri.jpg (https://v5.airtableusercontent.com/v1/15/15/1678500000000/NAKu-q6K8YAeauHKtTeTPw/ul_EUdM06tHsubBb3iihYmVrsDqhclUA1ijMjh-v1-Hg0dEyFZzEjVCgVCc0uhZg/A0Mwgi2Iq4zePtjO5BQJ9XKgyO5KnhyV_up5pk3EvWI),http://www.craftsmancapitalpartners.com/,Craftsman Capital Partners I,Dallas,
CrossCut Ventures,xm4intqnbaijzv5ennau.png (https://v5.airtableusercontent.com/v1/15/15/1678500000000/_Dg6j5hCWMfE7Xm1DhOsGA/YNZiItE-Q3vI7cFtVnMZ7oZ-bXdMkxwgHGxywkIDneal_6K-_bj7Z3zhQONZ56sW/e7WD_P9X7VM7HhV-BpO12Ejm6hMFB6Ud6PdPwtbM4h8),http://crosscutventures.com/,CrossCut Ventures III,Los Angeles,
Crosslink Capital,zptspfemah9nkpljm0mz.png (https://v5.airtableusercontent.com/v1/15/15/1678500000000/caBL8lUMHC1r-JufdsC_tA/wYJBtQ8tZu5_jpYKVVA4sLJRSeRriwAvy3NqyBj8OJ2XHbDkzM63YQvk3WdbJBz-/Bw6rhvWm0_n1kIg6jd5XSDehw8LsROSl80o-TIrRO18),http://www.crosslinkcapital.com/,Crosslink Capital VII,SF Bay Area/Silicon Valley,
Crunchfund,z6ksg9sgoutkitsbvwdm.png (https://v5.airtableusercontent.com/v1/15/15/1678500000000/Sgn7679-oe7jkdTIz_-eCg/lmbrZeYaAlxCZQ6oHH1nKnm-ohKTn6LCvWatNUkvxHHEDByMrd50KVt5CThhzboG/YBLkm-YwVtUCnl0Z60OooRlwfI8o9T5rmNT_lCAXWyI),http://crunchfund.com/,Crunchfund I,SF Bay Area/Silicon Valley,
Crystal Tech Fund,default_image_cb-e2471225359df18a02957cad1c97c684.png (https://v5.airtableusercontent.com/v1/15/15/1678500000000/hgBckk9i4UA0U8ZJk6Y28Q/cwqs4fAtratCL7MAg7fbPBsJxdWqh-mAV9muQrFYT1Sy5Pdqgu7lMvxghW4LS2GhMM3WkcG1ak_YM1MKVGHQ0dBKNRMgthoccxgOoKmqPlY/bLrVfWNElcU8TZFiUUs-m_AGdjfzCTeMc31SKLsdMZM),http://www.crystalcity.org/,Crystal Tech Fund I,"""Washington, D.C.""",
Danhua Capital,ogij8v0mzf7l1e4gt8ti.jpg (https://v5.airtableusercontent.com/v1/15/15/1678500000000/G1L4WXcm1et0mzO9_OCVdQ/r5fD1jfqJWd7Co9s93HdW9kJeNumT_Gqo0yeU7QsodNjAQ8atuVfAJePQ89xcM98/LxtFF-Bdzs8lBexFvWEyg8eMlJmlOM31vYr73F_b4mk),http://www.danhuacap.com/,Danhua Capital I,SF Bay Area/Silicon Valley,
Data Collective,oerb3m0xdc6e2crgiy3x.jpg (https://v5.airtableusercontent.com/v1/15/15/1678500000000/mk8svLhNrVNNL7na5rqBtA/bO34YXdNL_UX95q0RN5aj7E-BpJzyl9pwIWV9XpzrDehZPX_k-833gatVrl924R2/5OIkDvSK3PJVXEAG4xR5CXsmEbMrwIgUh_H9doVrWEU),http://www.dcvc.com/,"Data Collective IV,Data Collective I,Data Collective III,Data Collective I",SF Bay Area/Silicon Valley,
Deep Fork Capital,c57638d4953426c4b2d3e8c82af259f3.png (https://v5.airtableusercontent.com/v1/15/15/1678500000000/5GWK2rh3iJEycwTBKgKiyw/LGRohNC-RK6n3KQupYeWHD3KeQDHV17u2TE4JxI4l_K2YiJjwF-EfjhMU1flrNGPtffY5GMwBmciVyoS5jNQFA/R-cEIaNETdQ4LjkBx4x_xyWUUqHuec1fQ1YqJsoiKMs),http://www.deepforkcapital.com/,Deep Fork Capital II,"SF Bay Area/Silicon Valley,""New York, NY""",
Designer Fund,mpjiithjnvud5zfhnnlg.png (https://v5.airtableusercontent.com/v1/15/15/1678500000000/luw12Tx2c7BBCKMrK1nDHQ/DL0ARsh5izBwSnrqjcjnQztg24X607nt2qsJ0qjLBb2e6KOHswtzYWFOVJ3lRlwp/ly7TPDk9XvO4WFRJhqH4BzCjWz4IOLpsS6uUzBt_zC0),http://designerfund.com/,Designer Fund I,SF Bay Area/Silicon Valley,
DN Capital,9c968fac08dd53791219d3caccbc453b.png (https://v5.airtableusercontent.com/v1/15/15/1678500000000/Is3Ep1FnpuKtiNukQSYBwg/ogquPB3HOQ1CreHftYJ4jO26Muv6HMvQ1LZY156BFmdBUrKXinTIe412oXTlfIkIZuIoNamyHiUOG01WecBNYA/NijP-NuSlCVQKbBx3R-rf4U_Gp5o4SR2ee2RaArwdGc),http://dncapital.com/,DN Capital III,"SF Bay Area/Silicon Valley,London",
Draper Associates,ltlapqz9ek6ogthkjegj.png (https://v5.airtableusercontent.com/v1/15/15/1678500000000/7wYffiRXwaePxY1IlG_9qw/0eN-34dR0edqxAbH8ZE2FGbqqr9pStUmAOCCk_DQpGBcJAoNDFHhuv9JIZLNTqUi/TpQcv08jkvtD0MSAl8eyRNcnz_JFdfdddeacdgj_Mn4),http://www.draper.vc/,"Draper Associates I,Draper Associates V",SF Bay Area/Silicon Valley,
Dundee Venture Capital,lurg0eeflomijwqy8yvy.jpg (https://v5.airtableusercontent.com/v1/15/15/1678500000000/NbpY7_PO7OAGdKOwDq59ug/5jBHf9RHyW1uu0xsjJMdU4jdeqDGILrFWHmj94T9BFZd7zvfQx7nKBlihx_aHhb5/rABm8Cz6-oGLFNday6sS7GV5q_OwY8_1jgABrpnFT1Q),http://www.dundeeventurecapital.com/,Dundee Venture Capital II,"""Omaha, NE""",
EIS Angel Co-Investment,3f405dd27b6bea895c87c1fe1490c2b9.gif (https://v5.airtableusercontent.com/v1/15/15/1678500000000/jtDM7LrwnpD-KYpstqr6Wg/6zxVE64oFwy4zl3-U24pSYk3yFgM-Xt6sPddM_g7lnPAdaemauqEgjdtEP21URHg4uvW9XEcvl63KCAcYdcVgw/e5hvv3XY8YuDpNxe15kP-vZvGBP-WkLpPM-ebjbsXLE),http://www.lbangels.co.uk/,EIS Angel Co-Investment II,London,
Elephant Partners,,http://elephantvc.com/,Elephant Partners I,"""New York, NY"",Boston/Cambridge",
Emergent Medical Partners,23d8aca39fdf57c4fb2fd303ac9530ef.gif (https://v5.airtableusercontent.com/v1/15/15/1678500000000/U-SXA2lzWp_dTxAIlV_jIA/HhZfL-FECFZL2TESeD6KPjbWTboFQrlq_d9-QTo1LTpIPYDSfYA7Sjbnf-EZB4UVZt6TIA-e6853MT5e0E0J9Q/DbFUvRWUISlGEOfXzpauE8YicykjocCAIUYM1h3GJfQ),http://www.emvllp.com/,Emergent Medical Partners I,SF Bay Area/Silicon Valley,
Engineering Capital,tvoltujc8zm2zr8npi7l.jpg (https://v5.airtableusercontent.com/v1/15/15/1678500000000/-c-XJ788ZRXX3gw5sFoYAQ/U2PIRLevNkRTZzubJdxN0mXv5wrw5H6_7QBepEqeOrZPyUEe8nwM9xIk-3lv4fSD/RJsFy_1OGyl7oF_iGbOVpkoJqPrnjbVm7lZtxWzsstw),http://www.engineeringcapital.com/,Engineering Capital I,SF Bay Area/Silicon Valley,
ENIAC Ventures,mjraop06ordaju8gtrb4.png (https://v5.airtableusercontent.com/v1/15/15/1678500000000/ncybvzCUg1PNumsR3SxZOA/JF64iWT4k9FIRi4gY3DpjvKLORrKYrAkvGm0W9GpoZZ2e6W7aLsUVC5GqkgQv2O_/AF3dG3SlaJh5QKFnORJk20DFl9UxdZ8lUYGErh1XFd4),http://eniac.vc/,"ENIAC Ventures III,ENIAC Ventures II","""New York, NY""",
Expa,0677cb27a8e2930cac92bdf511f78ec2.png (https://v5.airtableusercontent.com/v1/15/15/1678500000000/BLKP-xfU-VWHeiLsKzLzdA/zPAUoWDvuqVrjxzLxM2_dS-4PmutfqwGdxVtSXY_hG6VYZ6pTxK5zvRLUCwntHUQbqqB6OHWS_WZv9WBFw4EoQ/Wp7wT797FUeg0KOAiiZKFkiSmV1nL07oNDZrsy0J78c),http://www.expa.com/,Expa I,SF Bay Area/Silicon Valley,
Felicis Ventures,d9aqjy65hhsdpcqvstte.png (https://v5.airtableusercontent.com/v1/15/15/1678500000000/LZx_Yo89-kV-5uCjwjs9aw/O6Uc6BadA6LOJakQYVhSnVT8MwaHToGHFwbVF1FKwHgrSgv_qP1iJh8Tud09qi5g/ZiqXZT_e6Ipb-TE7UvVlNhda70fppUUdcJx2NFCyZyU),http://www.felicis.com/,"Felicis Ventures V,Felicis Ventures IV,Felicis Ventures III",SF Bay Area/Silicon Valley,
Female Founders Fund (FCubed),pk2qkxqcryqvsrva8w6k.png (https://v5.airtableusercontent.com/v1/15/15/1678500000000/r-KHm1c_nd__N8-GUREPFw/I_DjMyL0vTp6fe-QItd4Bc5MKttCAWdhbcHNxxZoEQlBCwUQ1FlY7YkionHAwpd5/P5X3_W-tFhImdnZy5SRJWFjGAeXTwLA3bcfDP4WxNV0),http://femalefoundersfund.com/,Female Founders Fund (FCubed) I,"""New York, NY""",
ff VC,oblhjodv4mesinvjjg3k.png (https://v5.airtableusercontent.com/v1/15/15/1678500000000/HfRl9O64XFSAxmwI_BTGZA/dBtBZVZBWVxQ34C2CgI2CYpj3B9S6lQGq_ofnB1V8rYu6Yjbsy6VxK5rx4eO7b6u/PY6sHCRLYSXhXQJE5ybgK7kD3UwATTkKBuVaCDt4fZU),http://www.ffvc.com/,"ff VC III,ff VC III","""New York, NY""",
First Round Capital,qulwlsgonnklkvnhevze.jpg (https://v5.airtableusercontent.com/v1/15/15/1678500000000/Cjov738SEcR-7mX5tmdGHg/KoHPQu2rqpWTIsrzUuJag8f_SNRjtqy-nVwjWZ_8Hymiow9aqm_r2dVCyoIkxPRe/kjqaihkCci5BN7qiHeOdSh_pLqYLYYKG03Yq6uWbVqs),http://www.firstround.com/,"First Round Capital VI,First Round Capital V,First Round Capital IV","""New York, NY"",SF Bay Area/Silicon Valley,Philadelphia",
Floodgate,715caf16e22061514b2b37d53d656aa1.jpg (https://v5.airtableusercontent.com/v1/15/15/1678500000000/tLb8-5smnrJt8UoTjS0Vhg/SFLskcZpOSnnfbjb24Bzo8RFhexuj-TiWdqso4Sx15hqnkXwRMkDAGGduN8aQowoaVbxzo1JjgWqy0Nq_U6Sjw/GLSD4TnaSFJb3JUTpnK6I0BMiq9qGdCek-sH8eV1tFg),http://www.floodgate.com/,Floodgate IV,SF Bay Area/Silicon Valley,
Forbion Capital Partners,914212cd24be1055fadd35d9cd816f13.gif (https://v5.airtableusercontent.com/v1/15/15/1678500000000/8PJu-ymU3sWNea4vxiY1tQ/3gHzNuI7QNp5OYkM3XwHNP6mjrWZSB6f-WLISvrYYczOdo27uK_SBt0v2TPMFnpTtBkxw2eREF0Ru5QcNSZ19g/Oy3Mvbmecy7srGlhBiBstHpB_Jn_s3ytfwAe9HgOLMU),http://www.forbion.com/,Forbion Capital Partners ,"""Naarden, The Netherlands""",
Forerunner Ventures,cc7c7aa5154176e50b3fafc400e2323b.jpg (https://v5.airtableusercontent.com/v1/15/15/1678500000000/4Rvt4Km8Capn0u-KljbaOQ/SxQDCoweg0jFW-lR-wohYgERpHQu41ci53Gf03PHg-aI_89HK7M6IksxDfs0u3kJdRtCKx7y9L58xDVsiMZU_g/bhwNC_UiuYxI37iup0IS5x7M_NJb2kCYNx7KxijXDyM),http://forerunnerventures.com/,"Forerunner Ventures III,Forerunner Ventures II,Forerunner Ventures I",SF Bay Area/Silicon Valley,
Formation 8 hardware fund,ocbzej8xmbplps2qq3kh.png (https://v5.airtableusercontent.com/v1/15/15/1678500000000/aRplW5PgOw9pU0f9m7VIug/432hD05OXvTadX1KeyWZUx6AOwmYDaRkqYoZE-99O2aBYRWwl59AhXOBey98-kRl/o19Ql6NiDbrSz8XUYHD7sdwTUeRBWatsn-1qY4EPX6c),http://formation8.com/,Formation 8 hardware fund I,SF Bay Area/Silicon Valley,
Founder Collective,a44614ef903df9d1c336bdc0438fac78.gif (https://v5.airtableusercontent.com/v1/15/15/1678500000000/6CDxCiVxYJZxCOK33UBLNw/HvneySme1TlcJ9GUwuuS16_GmfiyTzBCCg10XWTEm-tTPLjuNDx-e8o3-aMid_CeqQ_Ra3plVFyofrQRmqDGoQ/hwnyFHy0a6wPJdVRcR8_JINnCPeHzPztbg1nc3lmpA8),http://foundercollective.com/,Founder Collective II,"""New York, NY"",Boston/Cambridge",
Founders' Co-Op,ccc50d7eee6ec77ec8162ddb01771f59.jpg (https://v5.airtableusercontent.com/v1/15/15/1678500000000/QAbV1mHMMo2_QUcHHC-78Q/cl3ouK_blHdQxrTyyXjghder7izuzhejtR27UxjXbl13IyOYs9lvoMjMM5Jsvq9V0jycVcr-NPmVgWxxji9vrw/rygedpABkqnxx1DoOKB903tZIGH0J0rDSGze2ihDXDE),http://www.founderscoop.com/,Founders' Co-Op II,Seattle,
Freestyle,8335ae4d68906f4fd11012d3ce701f4d.jpg (https://v5.airtableusercontent.com/v1/15/15/1678500000000/w4kWf5-d_Rku6-qs9aZHIg/gDJkhYXgvDdHJGE9PR__l0GFIVii0EMdGAzyMFec8ZglO0gf-NHoAX9Iz4hftPejDU9aFFedR54O6Ixa9LfGhg/088LjXmRj3k0wRkr1rDyKQ4OBYSpFMHDh5gPF36YtAI),http://freestyle.vc/,"Freestyle III,Freestyle II,Freestyle I",SF Bay Area/Silicon Valley,
Frontline Ventures,863daa91a3ecb96fed179502587ff7a3.png (https://v5.airtableusercontent.com/v1/15/15/1678500000000/NdLQ3wQiuIybElkYU8JF-w/vhxFca-Inl5oyJI57wXPFrMkT2o0otFf7QZKo_pZYJILcfdlXoN2PRoiW6Kef1CS_YP7xdSNIv5TdnSJNQK3DA/VFL5rzetUNnasC_mr54SUVRGPqeS6RGMc9r-CVJ-7l8),http://www.frontline.vc/,Frontline Ventures I,"Dublin,London",
Fuel Capital,ea14b9ed38535f48cf1ce0a63d97c9b5.png (https://v5.airtableusercontent.com/v1/15/15/1678500000000/sN5-FLjrhRAq7hfMeWfA-Q/-NGGhLRtUFbPbX7OcZbNejWR2AKhmMi-vlcLVxGHmhbK3yPvCth99p8RFd11YkwAZD5Rk7y-fZ4E-1XRcvTqgw/Hk8KPqlqx9epgqEejbHe0iwc-WS8HE90HThA-FvUZNk),http://fuelcapital.com/,Fuel Capital I,SF Bay Area/Silicon Valley,
Greenspring Associates,f9efebcb5299d317c2e91cc0601132dc.jpg (https://v5.airtableusercontent.com/v1/15/15/1678500000000/j-zgPT3g8dL7oG97fxJEKA/2fu5at1JzOYNrlsX3cri2qRFHFyb5ORuyEk21dTHeMC8hmv4029Xa4b5-2cQmt-ZGsDR2gBIAKJk0NGi1GrelA/IEG3yjScvwo3XLxyEAp9e7qivnYE01zxLFqgMx-rUoo),http://greenspringassociates.com/,Greenspring Associates II,Baltimore,
Greycroft Partners,qosgi9hdybyph3ulalyr.jpg (https://v5.airtableusercontent.com/v1/15/15/1678500000000/JKR39JFR2MVIWIx2Hgfx0w/ZDGRH6QnolVoKMEkidKqZW3W5qnh9HymGLhdD9eRSPI43JTWF0NVkughXwiY0u9-/eYd4uz3sodHGtyYvEK2NGabjCjJrNYrZec9kLEM_xeM),http://greycroft.com/,"Greycroft Partners IV,Greycroft Partners I,Greycroft Partners III","""New York, NY"",Los Angeles",
Grove Ventures,vzdbvwxboafxmnlixtza.png (https://v5.airtableusercontent.com/v1/15/15/1678500000000/Cw9S3p_9E3YVB6S4AtV_rg/2str0EG3EJDaw9yJEMmXP5cxRb1HeyDyI660HDwqH-ZSxxp1WOoRwMwpOLGdPJM3/wPwviUjtqwKY9P6W4AZjXegQPnq_VKClFh1KPsbKoLA),https://www.grovevc.com/,Grove Ventures I,Tel Aviv Metro Area,
Haystack,jq2bb8trcj82b2qqetzk.png (https://v5.airtableusercontent.com/v1/15/15/1678500000000/PODcV4v26L3nDOAU6S1biw/f8jgXsLrWYPd4s---0zIgTlEeuel_599POh2banq-CJeLfd0meuRuRwNKeuYR1bt/wtfaRqOdr-QUFMzNJGo1OREynkryMpYZIySS5vdITTc),http://blog.semilshah.com/haystack/,Haystack I,SF Bay Area/Silicon Valley,
Homebrew Ventures,011a4fd00c81d5d3b558cbcd54ea9175.png (https://v5.airtableusercontent.com/v1/15/15/1678500000000/t058jY8yFLx64-tuvPAreg/Q7MUQ1yE86axDUVxZrVbjsGOBwACRYjnP4Uy1TApVsnB476l8YWoKqJ97ZhRlBFFVPCAGTCVWW3zg651rM-whw/NfUkA1CvkPoMfgOMw-2JrH60ul5stNy4p9AiwyoypHg),http://homebrew.co/,"Homebrew Ventures II,Homebrew Ventures Opp Fund,Homebrew Ventures I",SF Bay Area/Silicon Valley,
Hoxton Ventures,9f082498f7363983d2a06fc02019edf5.png (https://v5.airtableusercontent.com/v1/15/15/1678500000000/Cgt3sDF8V-fES4WtiqGPFA/mh2SxgJPT7hxtL-smGWgEfA9RA1UgBWHNLwIBI6Yc-GtDpMnPt9QnvSFPNkKYFptsv09lPTDUzeWBMkXVvrP7w/6X49efbSdZ4a3gbEZHcaI0bnJvorbvrCQ-9UEE33WHI),http://www.hoxtonventures.com/,Hoxton Ventures I,London,
HWVP,kivsl3itsep8hkdj1ova.jpg (https://v5.airtableusercontent.com/v1/15/15/1678500000000/X3MkNZb7l2_cdhDimiC_xA/BWoM7dkbDa2Rb1fYV894gB86KZkgEhD77P58nROX5HU2iu7jhf_FOyh7Cijs7T3U/j9mNqEWgs5ev0wcn7B89CC2t2u72ekhbGGw3renOT8U),http://www.hwvp.com/,HWVP VII,SF Bay Area/Silicon Valley,
I2A,e8c8d7ba59d1c4120872540cd7e24578.png (https://v5.airtableusercontent.com/v1/15/15/1678500000000/AD4i8MX0A91mJRNtuvCz5Q/mcsIHWdSViDx3PuL5iGK3A8I-0LSqfuiJfwsu7tA0qPj5qv0t9wNsqhy52L0pBwARuTWQhqSGNoxatRi59VHpQ/N9UDsmL2pYWFGmrtitsI52TFYIZeHim2GwXFTyRDCk0),http://www.i2afund.com/,I2A I,Chicago,
IA Ventures,64e77b7718260da88a1d266ac489c067.png (https://v5.airtableusercontent.com/v1/15/15/1678500000000/I3fs8jGZ1ERhFe5ORqoUDg/fg9dULvRchg0UGfLCbz5rqYyGmtp_oGPiwo7OczdueXovjadeitwPhvOuQyVOfDbLfiBs3DIWCNf0dh1YBrVOg/vFOCUmDWJsglntdk5a_0OQxu2nc_FRrfjrrQHQEpYf0),http://www.iaventures.com/,IA Ventures III,"""New York, NY""",
IDG Ventures,fjxamor6vmrxit3gamyf.png (https://v5.airtableusercontent.com/v1/15/15/1678500000000/0rsKCx1WEkvE707VL7wf2w/UY8MG1ROA6h12AzBnG-m54igV_fyYtr5mEjXaLkl4VZOf1atVsfk-uWahdwnh5-Z/-LLkADC3MgVqlVH_tA1fzebwLC2UDgHSbBCrlkzS4VI),http://www.idgventures.com/,"IDG Ventures III,IDG Ventures III",SF Bay Area/Silicon Valley,
Ignition Partners,zhqom4fuyc0shgvotv1o.jpg (https://v5.airtableusercontent.com/v1/15/15/1678500000000/nBxS0jIC32F6vjW9DQE4dQ/TMQmg7Zr32phyUj1q_R08E3iakaPmOP4MPwYoAcOHtI5-UgkgjFT4j39dsnhYrSq/BlvomI7HVL3wxxty6FKVFeAOwWPCnrkGyYLkPdNLQVM),http://www.ignitionpartners.com/,Ignition Partners VII,Seattle,
Illuminate,ilap5hkainq4ifevd82r.jpg (https://v5.airtableusercontent.com/v1/15/15/1678500000000/WoAxz7ak-QBnyii-p3cLNw/kiPSRp2JuCUtnzbHWmQBDFefZ3ZlETtqH-Xsni4YtRajKPf0uJ-G97L551A5FqA3/TK60DO2QH-fi8NhlJUCqiaehTh5O62IT5tMMmvXF7Cw),http://www.illuminate.com/,"Illuminate II,Illuminate I",SF Bay Area/Silicon Valley,
Indie.vc,pniiawnbyqyqtfewhocf.jpg (https://v5.airtableusercontent.com/v1/15/15/1678500000000/_hZIYeQwUpQ052ygbBdX5A/W-XXdrMzyTVIrPxX__ruUlOTgATvj51TLI5VMWgODSWxDOd5cTBSdNRaZ0D0Kg_V/QK-494CCf7bdoXd69pcpWKY3_TtbG9toE1cABfHoHZU),http://www.indie.vc/,Indie.vc II,SF Bay Area/Silicon Valley,
Industry Ventures,74dca227c83f25b9ae7ad6b58a78128c.jpg (https://v5.airtableusercontent.com/v1/15/15/1678500000000/uBSamjNd4Csh4CSqVY6AJQ/ews4Lc9t5XFlOXGBC8NQdr337W5ECdvhbz9TYyZO6NW6PJu-BuogTKx9sCPSqOEUZS6FxE6DIONeSawIBVo6Lw/WrcTB5vfLVZm4UAyXugVQsg--h4B5Ah7mykoLtMiVn4),http://www.industryventures.com/,Industry Ventures ,SF Bay Area/Silicon Valley,
Initialized Capital,8c03960061a68afb531387af0412ae5d.gif (https://v5.airtableusercontent.com/v1/15/15/1678500000000/It5YrE7Za33SFFn7SSrdhA/uMLnMMSNVbGmiAgDeSspv7ye7k1DFTNJauGteaJee-QZifRSBPnZTJ-Xa_4QRHoowR4jWbkIpqrfRU0Z8PSuvA/sghnX4A33-AsjId6Na5JitfQdh45jbOubTVliBItevs),http://www.initialized.co/,"Initialized Capital II,Initialized Capital I",SF Bay Area/Silicon Valley,
iNovia Capital,jbb4c3opd11a6kjjnnap.png (https://v5.airtableusercontent.com/v1/15/15/1678500000000/Juyr4x9ZdVeHArnYALoZnQ/FyOVxdG62_YiZ6luVOprpRgivr61pYS65pA3vMYLDjRlYdFLbGexMqgpklbQ6zL1/IHNsiYxghH8SUB9j-XYzBvtcKU2XJDNZp_ciEX6KF1k),http://www.inovia.vc/,"iNovia Capital III,iNovia Capital IV",Montréal,
Intel Capital Diversity Fund,1adc4cc32d1e1ba5ca2905312a2a80cd.png (https://v5.airtableusercontent.com/v1/15/15/1678500000000/44MJQ4Z3GRqeMspCzfH6pg/grnsx8Nviq1f5w0KuEEkCDUj_6rGM6xGXj0W0wDzL94c8AVMFlzgvXPaxEptOZ6n_NS8f05z_NT-0yaDdclLgw/WL0lUzhWPyfNGctheUQSlBBPBajzIh2wtaO3207RCEc),http://www.intelcapital.com/,Intel Capital Diversity Fund I,SF Bay Area/Silicon Valley,
Inventus Capital Partners,bmpybupg2qdq0cwsrx9b.jpg (https://v5.airtableusercontent.com/v1/15/15/1678500000000/CkXWFnn6dVsNDUo7AOxUTA/nnWLtUmE-bL4r-mEJ32loSzcQihkQXTuepvshevM6AaGPk_9KktqshU8_wwh9TF5/U1ddeQJAhoCtqF1Q93E0eoZVb0gkRrypcfuA8c6lP00),http://inventuscap.com/,Inventus Capital Partners II,"Bangalore,SF Bay Area/Silicon Valley",
InverSur Capital,256137f4888107fdd19c22902f602264.png (https://v5.airtableusercontent.com/v1/15/15/1678500000000/1d0cMIhH0gEVWYjSFS1Oag/Q86EqZ5atDkCnEw4CssaE2tsA1YlHmc5g29HASoe2uNfV5jlK_BrhXVjwHspBtFdqCFWtaABpMj2kiEaIFqCxg/yknMX7GR2PtAlN9lwdoFMGH0ONv8ZR0sGBymmLR5X-k),http://www.inversurcapital.com/,InverSur Capital I,"""Santiago, Chile""",
Javelin Venture Partners,48d13ad55435fb3a8d64cff0c6560046.jpg (https://v5.airtableusercontent.com/v1/15/15/1678500000000/bwFplIhGfySzZCp1y7ZsOg/61s7_ib7VIY_0pJYHg3xB5iT3Spw1__5RF2saeZD_k3UpIsAU-FyCqZP3ndFynpDDVrSCZegGXUr8mdu4DHtTQ/QWTf-5yfxTfm3Ac-N9p20Vb877JwE-0HZ52hXrlxzyQ),http://javelinvp.com/,Javelin Venture Partners III,SF Bay Area/Silicon Valley,
K9 Ventures,646950dfbc82b048075fa623a57def19.png (https://v5.airtableusercontent.com/v1/15/15/1678500000000/Hrw0fMxzKHmTLLjdFt-Z4g/l1DRf2y0DsvO7pcjE9QLTMecYQDdCW5CaMVeQ5Dqc4-XZFhNLR165P0qQrL6xKhFPaZqnhRkg3FSGJD3cHaKEQ/cJlaLxe6uu-GvuMJqQT6GLep5yuhOZ00mw4iRk6-dIA),http://www.k9ventures.com/,K9 Ventures II,SF Bay Area/Silicon Valley,
Karlani Capital,k2chv58vavf8bi2sei92.png (https://v5.airtableusercontent.com/v1/15/15/1678500000000/FtPdGPh-xlkTMo46NjIXZg/UvpXQDIAg2GIZ9Fic9T-rGy1p8Za8IpQnEFQSrIuZaKR3YkMtJWHVMKN2nScmM7L/FOz9vN7p4ttu1IjZK-cXwL3tFbTLZCADXCbVxWW5ckU),http://karlani.com/,Karlani Capital I,"""New York, NY""",
KEC Ventures,4abb0ca24b9df94b9d1ac87e63cfba8a.png (https://v5.airtableusercontent.com/v1/15/15/1678500000000/fns67gP1qjShFpqiYBNW3g/x4hgOhkQV-memAdtk7SDrl18YcQfoOgAIPvv2oo9-zF1VL2Eg9LoA_KAecvPDWWLPQpOy8qbYrj8dtL3kc2XiQ/HKmCs7bTFdAyqaEUCiQt4hsCaN9sdaZD3D7dVQIxOWs),http://kecventures.com/,KEC Ventures II,"""New York, NY""",
Kibo Ventures,da645016a54b70ce7f8c0b79fa414e78.jpg (https://v5.airtableusercontent.com/v1/15/15/1678500000000/Krtnsh5vygAx325xp4UrOQ/CU6Lc2JMUf0odt1G1DKHcK9cCluSPuTI7uxuFTGrcKx8xfqC9dfomREDQvaP1Ek5xGT_r9nr8YibzEbZq6hYcw/HbdEc6zlFycGhqWuPNJ1dNpTCK16GJGF1s5kaYJZXTc),http://www.kiboventures.com/,Kibo Ventures I,Madrid,
Kickstart Seed Fund,e97126e4838bd992062880649eb235df.png (https://v5.airtableusercontent.com/v1/15/15/1678500000000/ZW2PFXt75nMLAoSxczYUMQ/_-18qwIS_IH6fIKP-v8cGzcukFu4HOC1S-bKKcmWm2JrHTQmXd8JtaNVSKTZ7APpveeKotrMHLuibGpy2ZIA0Q/-xALBnHNLXSgoOjvPjh19dDv83xRaJPXQ2Fm193UwzQ),http://kickstartfund.com/,"Kickstart Seed Fund II,Kickstart Seed Fund III","""Salt Lake City, UT""",
Learn Capital,49d31b1b0d417012426260773e44c5e5.jpg (https://v5.airtableusercontent.com/v1/15/15/1678500000000/cpopDGkIzFuZOq5ZbiitvQ/xDFXcpollzgDoZMDsyhqMcxDQWSr4wUcoed8ARYcuBhEh41e1gmBvVwLHcTVtkUz9Oq-LsCBqXuCTw5d2BOkFA/D9D4gX8p2SUCn68H006fzjUAg_3fkNFGiN6iQ0djRRY),http://www.learncapital.com/,Learn Capital I,SF Bay Area/Silicon Valley,
Lemnos Labs,60cac8a2ff6e6abfbd94a6aa68ae7e5b.png (https://v5.airtableusercontent.com/v1/15/15/1678500000000/TtuXe45V8EcHQjpvGhjy-g/cgUE0ijhPezDz6uaNRYohCqqx52RQagASuABl1saE-UyD5-wIfeKVI6w8btPe6iIUaEwQtZKUsDnqxzApkfIIA/wy9so2y1f2QnYrdb2lRqIdjOS-8nJ_OR4gmgXgNdbGc),http://lemnoslabs.com/,Lemnos Labs I,SF Bay Area/Silicon Valley,
Lerer Hippeau Ventures,yrkkz00ld3njtvocf6fq.png (https://v5.airtableusercontent.com/v1/15/15/1678500000000/BZQuivMdk2TOzWnGJweMtA/DuVe5oSh1guII8rBdL06H7H0gvoUmMlQKNtKSL8X_STB05Qi3f3SDvSHqnCU4TsG/eApop_D7hsmMQ9Fq54U9dQHvdSi_AbIr8BkaiKid_04),http://www.lererhippeau.com/,"Lerer Hippeau Ventures V,Lerer Hippeau Ventures IV,Lerer Hippeau Ventures III","""New York, NY""",
Lightstone Ventures,30c24637505b9b68ae412cbd66c1afe1.jpg (https://v5.airtableusercontent.com/v1/15/15/1678500000000/LH24m3dihmOuCfKLTvhOtQ/DPq9nuXiq-2vVGweBJHicncdjxRq78k6KtN5NF5-68SdV_rOoNce9MvgvcWpYESVg9dbD4PW2QYZDTKJ9YzNCQ/kP78UZ90WrdEj6qbgvOSnZgZuULqM3brrU5reM0FB7U),http://lightstonevc.com/,Lightstone Ventures I,SF Bay Area/Silicon Valley,
Line (JV with Collaborative Fund),93db4f1192e705e85828dfb305ab1b8d.jpg (https://v5.airtableusercontent.com/v1/15/15/1678500000000/s_iRWmXY755eMb1CfFSbEw/FtEPYMfgNSh6xifsCfAjkrp8DuVvC2TpqmBKfpq1qp-3qjed9J3rjiPg3DKw29EN5AO82fnI7IsR7pCmT9r_GQ/yDYA9rErFq3HcCA-VB1MNOXOLiRGVwgmZvxHj7gf7WE),http://www.collaborativefund.com/,Line (JV with Collaborative Fund) I,"""New York, NY""",
LionBird,v82flvkeusvudsa2ajzx.png (https://v5.airtableusercontent.com/v1/15/15/1678500000000/ZBlpnY5NjfyF-MMcpc1XMg/zIzsZ6iWYNnD4iEwBL8ooUo2INLnaj4zBRCqthqPVjZBXfcbmvw3wiL8MKPFxpnu/cxbDPxA5OIB_Cty0ZzSlm8s24duE1ntFfDqz-EusBT0),http://lionbird.com/,LionBird I,Tel Aviv Metro Area,
Liquid 2 Ventures,707711-0d251ac9ac046fcaf6e12419d851c6e0-thumb_jpg.jpg (https://v5.airtableusercontent.com/v1/15/15/1678500000000/utAo9D5p5eXyglBJGyfp2w/2Ve1ZW896knDyCm5BO6CVyMIn5YS08BkrGLCRIIsDJ3MMaAKG7hChtv4KLVcAgtLcWmCdYcUK56FknFhPSB7YAk6lpyVaUYFtWZDZqry2As/kUTl09Jk6fo9FTql5wDP1I8UHNgquhZNXs-zaCj_AcM),http://liquid2.vc/,Liquid 2 Ventures II,SF Bay Area/Silicon Valley,
LiveOak Ventures Partners,9d301242916cd33be3e4e0b74d4c4efe.jpg (https://v5.airtableusercontent.com/v1/15/15/1678500000000/GksdgM3koQA-A8Rz2lTh0w/fxqA8wakVBSWbeONSdzX3t0kFBBWyzFCKeymYvQXxLxfOe0wrWAbeN5BKXlRPYDJTRisd7oLdscM4VgQzBNNAg/FBt0qOI_tAmQ8mLQ9YYN95oyD1p118EA7MtE7xXCKcc),http://liveoakvp.com/,LiveOak Ventures Partners I,Austin,
Long Ventures Partners,,,Long Ventures Partners I,SF Bay Area/Silicon Valley,
Lowercase,o5sp9vj2ftnyj55m2ofx.png (https://v5.airtableusercontent.com/v1/15/15/1678500000000/27-ATggeMTtsss7COkpx1w/DWWneUBgxGhid9-_s5xSDz1yZadML2jmmt-QiCfSZajNgplizXiRV4HJnunH7YS1/_uz_IGxEeEVNDsQ3LH_9wKM3FS04kz6MlDF6YMANEzk),http://lowercasecapital.com/,Lowercase III,Los Angeles,
Ludlow Ventures,htxfx3gafwntsn6mbsqb.jpg (https://v5.airtableusercontent.com/v1/15/15/1678500000000/_a7etCyd49B82aRT-gTJzg/OqR0JexyWAiqR7hoUd0viYR8SWDQamRZXtg7xSdBaMVWEo1IDORDXPZE_E2GRYG-/xovVDu5N-K0dNeF_L_5ifD5fZm8crStLLX3t8U1gQyU),http://www.ludlowventures.com/,"Ludlow Ventures I,Ludlow Ventures I",Detroit,
Maiden Lane,qekbnor9skdxb6hamta4.png (https://v5.airtableusercontent.com/v1/15/15/1678500000000/SilDQqJlVTfgroHXCFxi6w/Ox5syA_vwmJjVXDDPZzVINmWgESXrk26npdwDDHLtwqV-AdnSMUTuuX6d6K31seJ/EBW4y5cx2RzzWSXASDYclFcSJEZ4HbpCpRf8mZ_1qIg),http://maidenlane.com/,Maiden Lane I,SF Bay Area/Silicon Valley,
MentorTech Ventures,d7bncikxsufassvulqnc.jpg (https://v5.airtableusercontent.com/v1/15/15/1678500000000/wgIQ0brbb8SF0ltwBILamw/B0UVCQclXxf5CwLhNOuj9fiMn3InvlM5TFvJAWzT7G8YmbAqlFBPFBXDTeFljvhx/okhZlSuixYoJ6d5xQ8L1h2sgOd1l4KFqfbSni9t4cqs),http://www.mentortechventures.com/,MentorTech Ventures III,Philadelphia,
Mercato Partners,14c45fa7e7042d73669feb6cb6a34c78.png (https://v5.airtableusercontent.com/v1/15/15/1678500000000/5ekgIz7P1AHkv3FLVI6UCw/DqGJHrfFkZV7UUbpVbthh57bGgJa_FB-G8uu9193LkuGe-qTOTMAnhisym2P0TOgDdXCMfwljZB08X_RZbsY5w/xyzG3AtncmeJAnJn68ClZrOW1emAvEjoMrPQR7uNrbI),http://www.mercatopartners.com/,Mercato Partners II,"""Salt Lake City, UT""",
Merus Capital,k1vkvayhrvyb9sj4g67m.png (https://v5.airtableusercontent.com/v1/15/15/1678500000000/VErp5MnWAaEoFtwKWDI6jw/QGCF86KUVkLp4GbyhE2XVgBF4UKDTRVEubncoZYeFdhtliN7GnMAI9BC_onZpA_O/XB5uS80Z9M_4kMNJLPmOtlh92QraNanREq1sm1rMW3M),http://www.meruscap.com/,"Merus Capital II,Merus Capital II",SF Bay Area/Silicon Valley,
MESA+,ko8froscpgzwrhcycumr.png (https://v5.airtableusercontent.com/v1/15/15/1678500000000/1vuoJ6W2sKVS5PYUvvc2mw/tOL-3s43hQU3vsQN78E_J_JndgqJlXCnyeMCWRiZxwu5EqygVPTWI4dyMozEUyM-/aWFTw0y1Ao8Ek4Zns6-oDsglXtwu06T8CTo5Qsd4h3I),http://www.mesa.vc/,MESA+ I,"""New York, NY""",
Metamorphic Ventures,,,Metamorphic Ventures II,SF Bay Area/Silicon Valley,See: Compound
MHS Capital,73921d89300aa788bdd79b1348fed802.png (https://v5.airtableusercontent.com/v1/15/15/1678500000000/7q16WKxnDoqj8CAiFW5tqw/nY4QUoaWMN7FjJ9ZFQix6a2mKLZUrA6jBqZR3EVTLtE7Zkeak9mgP8Y1Q0eSMupBBsNzMwnljwYv4A2rIEtNxg/DW6ZSoqu8bSHNf4_lHE2oMQpiJe6JG877nUgQf09kW0),http://www.mhscapital.com/,MHS Capital II,SF Bay Area/Silicon Valley,
MissionOG,vdrgjcsoziwnrjdl9nyy.png (https://v5.airtableusercontent.com/v1/15/15/1678500000000/K7wpZeSc9XZJan_mBUF0-Q/cgWuB7AISQSOE4ii3-T6Ld_vzNW1uLjJ24pdQDe6mz4xvwkaOcU_mGuWXbQsKe04/7FIc9pZsiqZiueiyG3imUjsGQgYBrxoHLJlTgnrr-94),http://www.missionog.com/,MissionOG I,Philadelphia,
Moneta Ventures,wonohuupyif1jsyjkowr.png (https://v5.airtableusercontent.com/v1/15/15/1678500000000/0yYeGGTM8kQaZHJBAaERPQ/sVzcKCvFlcvNtN7q0kSG9MKkwtepSDDlFcSDbBgWanGDZL0GZylwPEwwvMax9lnQ/RXGtX5VwIGJ67obo8_gUM8_Pgo7ax9lTiBQMek8-DAc),http://www.monetaventures.com/,"Moneta Ventures II,Moneta Ventures I","""Sacramento, CA""",
Mosaic Ventures,ghwfuxu8zrotqrlkuk3f.png (https://v5.airtableusercontent.com/v1/15/15/1678500000000/YJnquMXR7KjCAfYCw5YzMg/jDzyP4yR7xHV9OJRwQeUpbWqwStf8Im6ORBdQFQTPkae2IZ7hky3D3wPstmdUlxS/R965zAEOGn3rXdRtPODWdROgcKCYCCtruApd-oXROkU),http://www.mosaicventures.com/,Mosaic Ventures I,London,
Mucker Capital,pkfzm1c7kyfkrpi4xhuc.png (https://v5.airtableusercontent.com/v1/15/15/1678500000000/sL-40E0TuRS4P_55a2NJHw/92AUiCYIqwcifhxcYd9ePV37dsN6E6EBlP7NbqyvhhOTg5EaZJ3jGJ5lQYzu-vSY/M3fsY0pdUdOSVIE2hV5jwi7FO2uSDpzHyS0Q0KZ_HoA),http://www.muckercapital.com/,Mucker Capital III,Los Angeles,
MuckerLab,qxvkrl6xsngj9amcvg5j.png (https://v5.airtableusercontent.com/v1/15/15/1678500000000/7y7L3ZCYt0lCzJ33OutuYw/VWLP_4ykvMzN0U3x4Wn5bKhGUdCEJFHy-e29cp58RIhAFNnW-OEwp4PX4Ka7xVA5/5k96UiWMH8pOjZv2pR_xmhDxnoHywGacOcpwOp4eb0o),http://www.muckercapital.com/muckerlab/about/,MuckerLab I,Los Angeles,
NextView Ventures,hmwrhbyjp7gsxuwirwno.png (https://v5.airtableusercontent.com/v1/15/15/1678500000000/XzYgyFBUSwT1IU4X20JWQw/901cTxG07dImQ5PyjkxJ_B-IkgEeH1WJJM5pO0kMTBQJnfPsntzQVeZqQ7Akznn-/DOKWyhWwh-UbQlXthFE57kaW9mxKcMYc8lnLRtNVggA),http://www.nextviewventures.com/,"NextView Ventures II,NextView Ventures I","Boston/Cambridge,""New York, NY""",
Noro-Moseley Partners,50cd8e98ace94d8815fc8f7094dd204d.gif (https://v5.airtableusercontent.com/v1/15/15/1678500000000/mBkd12IYaioQFp8PVsQcXQ/KYy6PX2z0g7qNuefPRR97Xyk9HMQwr6a-sw-yk9w9MTyVo-6y9XkP9HhOXmmG6_K9G1YCbuRh9N9QoROQ_Cm2Q/zO7081kziUJgCn3A2NeeFW01sRc3-aeEM_2TqvljV3k),http://www.noromoseley.com/,Noro-Moseley Partners VII,Atlanta,
Notation Capital,cy68j5qcibhroqkobjdy.png (https://v5.airtableusercontent.com/v1/15/15/1678500000000/fWA4rSD9GqrxK4sczd7rdg/_IRjsGuG2C58hhBBTrf1lGsiUUnhVP55nrV11U4XOvd6P95LG9qsAe8neR3Ig02w/FyrhpTEi_iTirG_JGAK5ue9jUHa8QgR_fDEQDSnOBrI),http://notationcapital.com/,Notation Capital I,"""New York, NY""",
Nova Founders Capital,xyv2qhk47uu864d6gomz.bmp (https://v5.airtableusercontent.com/v1/15/15/1678500000000/FtFI3vC2YIAXZEsAUoAmNA/6P4urjL7vkCyIwOKa-SBFvzQE1lCiOThL0sTe7fYyRqPNNW9myEswrsxYIu1irrw/D7dioGt7Nr1V1-FgP2ja6TyZPJbXDfrvX4X-_MLZkl4),http://www.novafounders.com/,Nova Founders Capital I,Hong Kong,
Obvious Ventures,qpbhuntylidoa9lzmrd2.png (https://v5.airtableusercontent.com/v1/15/15/1678500000000/caU2YPzAlQSNE_5BLdhE9Q/dYl0ZChlrzq8eBCMw6NvEQPl4DX3Ho_0BvXzqt4bly0STigh5MauOBVOgVwrbNtm/PyfxEA8uEmCmSeo7RNr6WLss4y72BWJINl6p20Rc_v8),http://www.obvious.com/,Obvious Ventures I,SF Bay Area/Silicon Valley,
Okapi Ventures,e8877bd3ac8c99a0bbb6a684ee0175fe.jpg (https://v5.airtableusercontent.com/v1/15/15/1678500000000/ob5054THq-bQoYlwwbIgKA/hPPbdqkGVuGHjRcrpBObYz7CJqNQfl1V62w6ySqs1fdbDVQ3DNFjT5-X2_jL0XGYFemTE2lAPhlKvegtc7qJZQ/ExXd6imLxQPR2mjWG1U1kw2_i67sOg58J0wUSsQaGJc),http://www.okapivc.com/,Okapi Ventures II,Los Angeles,
OpenView,lrlk66iawygb25bcybq2.png (https://v5.airtableusercontent.com/v1/15/15/1678500000000/8DWviIAFz9soUCvO0X2now/ghuBz69tPa0idbMi1pTRYMTef_U5VPP-uZwuYwRJ56Be4la3YtalDMCHZO9aZfDv/Q2WfgXH7IQx-vUy31kdZacD40iGtFbuWWhzHaTGY-xk),http://www.openviewpartners.com/,OpenView III,Boston/Cambridge,
OS Fund,txz83w5qkkp08p6v4oeo.png (https://v5.airtableusercontent.com/v1/15/15/1678500000000/rkDH8wZHZCszBiBscf5mQA/DZQf6c5RTj1orz7Y-9qM7eL75Z8r5eUBhKTyaOqsHpF1F5cN_oE1xs4U1fUfo-Xh/ECCpKFQIh6OlgtYJ3h-4-C0lVAVT1HZ4Ch2eo_mQmyU),http://osfund.co/,OS Fund I,"""Washington, D.C.""",
Passion Capital,usoch7rjz7nxck5dsrbl.png (https://v5.airtableusercontent.com/v1/15/15/1678500000000/nqkvXXWvicsLkb53sTuZ-Q/_Sob6m6Hb2-OTmnw2nbDnKvdADS-qFgR39UlDij5KdaYMYGu1APXoiUTK3y0vK7D/4nvwVf2Knw5mAZlVEHtIZ_RMMMbVf2bnDFNBNtUnN-Y),http://passioncapital.com/,"Passion Capital II,Passion Capital I",London,
Peak Ventures,osz1kmshht7jjs01swbd.jpg (https://v5.airtableusercontent.com/v1/15/15/1678500000000/6fRYIutXj7MtVK8laq8bXA/_w2ptAIBxWgGRD6JceybwsByIV45xkJ-cfQq2Dt-z0MvJ0NoznHgLB9VShTm6dIw/gIOcc5TqDjmnqfwWCaBOFm4_Jejz4qcGjDUygYU-Lp0),http://peakventures.vc/,Peak Ventures I,"""Provo, UT""",
Pear,divo6dyu5rzscvyrbbdl.png (https://v5.airtableusercontent.com/v1/15/15/1678500000000/BNd7Ko6m7wcGxGuesrZFfQ/XszAaUl9xMNg0AFnTrVmAwHCsQSnjKfpRkThQGtvtT6NCFt1BodWKeD-njrQaQE6/gWH_5mzPO8oRN15XIoNJClftkIIefwpjLm4SER4xrR0),http://www.pear.vc/,Pear II,SF Bay Area/Silicon Valley,
Pejman Mar Ventures,,,Pejman Mar Ventures I,SF Bay Area/Silicon Valley,See: Pear
Pelion Venture Partners,c01cda23b1c8153e87bc37b324ec5fec.jpg (https://v5.airtableusercontent.com/v1/15/15/1678500000000/2c1jM5M4rIYsap2u5sI31w/XamW5jMbkb0P9UvCXISeJA4uNQ8JP7UbaJ-P5dRFMvmL_Ajq8Y42jgzN2zzXaww5VPdykGb8lUybpeKXsx50ww/snhL_LRHuBmi1iPPran5dIthj1nmH_VlNDLFmC6YiTA),http://pelionvp.com/,Pelion Venture Partners V,"""Salt Lake City, UT""",
PivotNorth Capital,b2563a9094876f6fa66dd9e735880862.png (https://v5.airtableusercontent.com/v1/15/15/1678500000000/p30EbUvkEE7gJb6YesLwEg/59PIwwjzQMoMMQB9UCm2x4KKwGeq8DIXZz3wm3xNKjPNr80HsTzN6mu_nPkx3KhQJ9tlkKcevBVlzPvkOqHmMg/W-9U38yQ5K5gIGrqfQmUxWDFxoSfQKC5bxFDPWS3gv0),http://www.pivotnorth.com/,"PivotNorth Capital II,PivotNorth Capital I",SF Bay Area/Silicon Valley,
Playground Global,ob3kf09bbiqjrxltswko.png (https://v5.airtableusercontent.com/v1/15/15/1678500000000/jetUt8K70QkwsSE2pzkmjQ/AVi2LndW4n4lO_z_QQSvn0-C1Cz5YeqKgFqIBvik1QIm3m5kGgs1U_mrkY5cZ17f/BQEVzfN-lw8vqTin3bYEY69tlof_cC0QbrP7viZusEM),http://playground.global/,Playground Global I,SF Bay Area/Silicon Valley,
Point Nine Capital,jtgnu1jvkrf8ydy4y5nt.png (https://v5.airtableusercontent.com/v1/15/15/1678500000000/vDaXbSO-4aPve29CA71OMw/d-GT6hZ26W4Q2B95s3BhKa_0rPKy2Nd5ibpXftXETcmkd6-Y1_EijGsF3hODPKk3/YZ7ZgqbSeaL1AEBTVT66t01va_duDOOc331cklvm8zg),http://www.pointninecap.com/,Point Nine Capital II,Berlin,
PowerFund,,,PowerFund II,"""Boulder, CO""",
Precursor Ventures,nf3opil6xjv3nz5zlg78.png (https://v5.airtableusercontent.com/v1/15/15/1678500000000/16R5iIb-1bOfOKPUZPqcFw/KcIDN7h3kpg4Ky3M2Yo0favO9lSC10D849-IeNVHFA3_CpBTyMpFWxjn0mODIArZ/DQ0zuBnYK31W1o-Qc79bIDbIa8E11ZpM3PhOXV-oUvs),https://angel.co/precursor-ventures,Precursor Ventures I,SF Bay Area/Silicon Valley,
Primary Venture Partners,ahekqihowyaphit87vnp.png (https://v5.airtableusercontent.com/v1/15/15/1678500000000/07uWBInFf3I8XY-piJ-0Jg/7gmi1dtkpIy1AXeeZqILkBqvXLI-kf92YJFldTZI7tpPq-wpGA1VyenXCSqUXDZL/pFy-PX5otkBFTG3V0G78xRxSiIZ8Xbzi-u5m-FDYrsU),http://www.primary.vc/,Primary Venture Partners III,"""New York, NY""",
Progress Ventures,aks303m7hhgmjbdpfsy7.png (https://v5.airtableusercontent.com/v1/15/15/1678500000000/Q0C4Ig0JU3qCNp4_yFbYfA/XzAgilJigv1Z1ffzusivUIEZVbL3Lwpn0OoayGxdQmuI9OSOTxEtfBwDF-G5Pbm1/E3-l6yE_ch1jUSrd4FUFxDUAVk8xUmZs1PzYqF_ZqGk),http://www.progressventures.com/,Progress Ventures III,Boston/Cambridge,
Raptor Ventures,3c0043241b9933e819d69ba5afa0317c.jpg (https://v5.airtableusercontent.com/v1/15/15/1678500000000/npLXNu-Vmbo5GULHqv7ytg/Mx-1JZlDH4lkmMKMWSrhnlgUFQmERyTXrfPMKomEI8mfzeCVFuzFffYJOHk-HbiC2JXWfOKuXlnlQH2U9IQ5rw/wh8_TSUWX3UauNWaiTgb9n0gGJfhaBzIZRbpqxrtRys),http://www.raptorventures.com/,Raptor Ventures I,"""New York, NY""",
Reach Capital,ej9h46eolyuczsiguqjm.jpg (https://v5.airtableusercontent.com/v1/15/15/1678500000000/EZVMzdbjekyvC4HcK0e_mA/QirxmJd2snpxx8CHSJbZ7dtaeNXKcGDC4oYp_zs-W3l4cxsni-nmg4E08SBI3Uh0/kNBeU0FJFuT5Fnf4qUozCYYfgiHhVKGsAPBcmoKfuvU),http://reachcap.com/,Reach Capital I,SF Bay Area/Silicon Valley,
Real Ventures,u09q6sus2p8wzhxjbppj.png (https://v5.airtableusercontent.com/v1/15/15/1678500000000/_mJsvoHVA4j1AtxpG3vI1A/9cC07Rk4BeovjzwPViJNkH7dQpwTeRP-WfzGPBUZKaVIkyYxcd2rNTepDSjpVwxf/hjyOEa1Ru6ShTB56f2xtVCufATmzkXGC0FVv83CmOew),http://realventures.com/,Real Ventures III,Montréal,
Red Sea Ventures,y4qesjn9d2dvbwhvabz0.png (https://v5.airtableusercontent.com/v1/15/15/1678500000000/f1WRg3Q7HeMDPK1RpZcNdw/Oqb_4EOFd-4srsxWrqyNCz6RTWElj1iRmwQe3X3n3CCpeJG8So2-VKohTtp6gu0j/m6IF2533821L6sIiW3zflYntaklPEUN-hQFVRWpLxlQ),http://www.redseaventures.com/,Red Sea Ventures I,"""New York, NY""",
Refactor Capital,cqi5uuyxlwlkc3dqj9zz.png (https://v5.airtableusercontent.com/v1/15/15/1678500000000/15flj2Ds_7mcC9__-89-6g/QYAJzGbDXk7qOSjZqN37easuKTI8eK9dqJyf-u8GQnLYLTFzrbop_dT8rijq9v33/K__VXlF0pntN6Y_mxnVUgEijc5JCU4WFEVl8r5wiA_g),http://www.refactor.com/,Refactor Capital I,SF Bay Area/Silicon Valley,
Relay Ventures,oz86kpvqcw3tlgpwjryk.png (https://v5.airtableusercontent.com/v1/15/15/1678500000000/qsIfoyqnzcOp3fm4hgaTKA/nF_C7j-5mkO6vjQYi8ZyFRuHdYrWbMNBlKh3ayCF3q-Ca_E1zilNP1l848ij7Uq3/QIK6BLMtoj_r6KcJF2ee5LtvvPqakRxhwU6fVvnjDmk),http://relayventures.com/,Relay Ventures VIII,"SF Bay Area/Silicon Valley,Toronto",
Resolute Ventures,ut0ib5cup0seeuihlesi.png (https://v5.airtableusercontent.com/v1/15/15/1678500000000/uhXgRhsU9QzVRvijuzg9Wg/npAJ3U8MAt_P2SjBACMDI6qM89l2LShx7U7diDFIePeFcu2l0aST1QJR4MtY_ZuF/KoGRSMI27WBhVFmGFH4MBR21dYGP2B9fK4-g19_SQpg),http://www.resolute.vc/,"Resolute Ventures II,Resolute Ventures I","Boston/Cambridge,SF Bay Area/Silicon Valley",
Revolution Ventures,0840a1776e056fe59860ed2935cf3bb5.jpg (https://v5.airtableusercontent.com/v1/15/15/1678500000000/IR91pl5fAdNvLTGIwIY38w/WNMB8kCu3wK7jt7Wf0_ygXmcnVtz0Gcv3wKFWNq4XdJ1wph7VHSTsR9VA3Cv_7auSz9hxVrfQyonyrOd4bbYQg/4LjKwVFp_q4iWv-ZDNrHaNOi5s7NAo-3vflYh3JlZ8s),http://www.revolution.com/entity/ventures/,Revolution Ventures I,"""Washington, D.C.""",
Ribbit Capital,19b49e1d50774c3aaa67084cca77cfd5.png (https://v5.airtableusercontent.com/v1/15/15/1678500000000/sBaAoiLtTaI-2qRMxQzCpQ/xvzITRGJyv7HHU-YEFI-spTEyPfQXqMzJYrplfqNqMfEicCKv4LKTX5G_8JSd6kwrFqY46L7o0nTjAdrp05zXQ/1eyPlIJwU6PNm1yYCR3YvNNvSvZ1wx4M9OyGzUPnIDk),http://ribbitcap.com/,"Ribbit Capital II,Ribbit Capital I",SF Bay Area/Silicon Valley,
Rise Capital,7faf8e87f06b1e7545c158c19fbf5b1e.jpg (https://v5.airtableusercontent.com/v1/15/15/1678500000000/RmhFMemxw2NyzIkBf_i2Mg/FmPqhdXBJAJ5hmX7nkLAEz4LyJSX10eV_0H6UXqU2R_mRw4OblL1KI6ZoewDafW-6BO6CRorl_RJnaSprfyNIg/g9tsPXJ3DcnWsV2xtKE6V9QX1r1qDK_5oZ9crLRVvrk),http://risecapital.com/,Rise Capital I,SF Bay Area/Silicon Valley,
Rittenhouse Ventures,ly3t8sdhesk7yr2w3ti4.png (https://v5.airtableusercontent.com/v1/15/15/1678500000000/pBf1J6ImYEa2hsY9vr1oOw/niu2awFsAddfoNXl1VjcXjx3uhBmdtCck-XroYzF0G80Md4qf2BegYvI4-2W_sjF/Y31ejP1-ie2rkBYtTizl10ARB-vB9M2Vw837oiX3OOc),http://www.rittenhouseventures.com/,Rittenhouse Ventures II,Philadelphia,
Romulus Capital,cybthc9t9zt5k1cz9iyo.jpg (https://v5.airtableusercontent.com/v1/15/15/1678500000000/b9PxslqyoWXT7SHFtr7B_A/-vGFqQibIr3Fcynu7XVsrxlLj5blqrjPlUKgYEyzvr_2ru40NGR_0yDFm5PJqiSm/ywqoafzx8NlEM9BIiegD_gALmQoDD3PYwhXmUEdKRWs),http://romuluscap.com/,"Romulus Capital III,Romulus Capital I",Boston/Cambridge,
Router Ventures,i8bfntgqslztc8lvpxkz.png (https://v5.airtableusercontent.com/v1/15/15/1678500000000/CL2CazRGp2sbsl5in3SrLw/Ifx8qKlEEJLFuFnMAPS8m81ZSENedPEWcCZRzoLEsr-6gUVvPiv0JO-QigAPOz7d/CnNGdwj_8IHONAxaCGv3kvw0XM7DLJEhx88SRy8v8bw),http://www.routerventures.com/,Router Ventures I,"""Omaha, NE""",
S2G Ventures,sybajficeqz0aqcuxwxy.png (https://v5.airtableusercontent.com/v1/15/15/1678500000000/lBbPERDw-GYtbpJefLos3Q/KYobgxR-EKIMmHMJcxlnY75TzYuXhhrsY570IRk1XrSxs_zOEWt__n5MCTqxJ_es/em53lM_B_cNwDF-DJD06KdRLhPk121swuBH9e2gviz4),http://www.s2gventures.com/,S2G Ventures I,Chicago,
SaaStr Fund,eo5i5y5ns4idgakcxo0y.png (https://v5.airtableusercontent.com/v1/15/15/1678500000000/uaC7G0GadmLoSU79dNKGWA/xXx81tD5OozptjF4iFsxy0zWnwMH9s3-R39Fd1bVY8Za-O0VTw8xpthvl86nKiUO/27nMRLNfFw7UOlnQx6YvEcDjg6Ap8DvBk5xK7HrjYbo),http://www.saastrfund.com/,SaaStr Fund I,SF Bay Area/Silicon Valley,
Scout Ventures,4c0a0ae4bd97027a11651cd78bfda30d.png (https://v5.airtableusercontent.com/v1/15/15/1678500000000/X0iWIhgcQfvOTVPamTpeIA/m7QXGyNM6q28ZcVYZSxf9iKbjfg8lAddr_DPkWqTMdp_sei8ZH58Cq77u7gWu71tQeF6PPsz2cjlsz3NWDnhng/Y-LYn01Eufh6Ky6HE28lnNeJa8iejC7vxAIPjq3AMEQ),http://scoutventures.com/,Scout Ventures I,"""New York, NY""",
Seedcamp,celknanwdnrargksenhz.png (https://v5.airtableusercontent.com/v1/15/15/1678500000000/65Pj5FjJsf8_lls4xoUvYQ/x1d4Fhapo5OQg7gDDAPyVccZBWle2_7VfWhJ8YLIQrdK2Uia0FyBMtmnVzYSDPc9/gw18O5JPrDlRFSaSdR1DjJemONLfCGNnNHLYb0X6AGM),http://www.seedcamp.com/,Seedcamp III,London,
Sherpa Ventures,gdrp9mwgcy5hiolewcvy.png (https://v5.airtableusercontent.com/v1/15/15/1678500000000/g2hGyi63wYGdfq5OhJjr5g/jAoXsYyj5xdDkWRxuFuyYnZcMWbVg1WsfUbBM4FmeS6uZ40b61l-EDZ-BQ5h6hU8/9rwi3jdr_tCkXxKHQVXOwdZRebuuCDyxWgK_qwyyesQ),http://sherpa.com/,"Sherpa Ventures II,Sherpa Ventures I",SF Bay Area/Silicon Valley,
Sierra Ventures,37565e478f19fda82f55b004062468d5.png (https://v5.airtableusercontent.com/v1/15/15/1678500000000/HDmugQ7cLixbEsxlPDM_2w/1zJo_bVh37hS3tNm-_P7XHVMJibIiSNDSC1v7NqMC2j_FQMjpLgtBdKxflHL5IiNGHMdynR5puhHpGxQHqYNfg/GczRQHaqbyhxpfHm1ASvt6mot8tdPr6EPzFvuXlBUiQ),http://www.sierraventures.com/,"Sierra Ventures XI,Sierra Ventures X",SF Bay Area/Silicon Valley,
Slow,db46baba5d2d43a43740be898e14485b.png (https://v5.airtableusercontent.com/v1/15/15/1678500000000/TtwR1IZtsNIikbKv6AnDDA/9P1UtR6N0yfP5LCqTehN6ssg_HODRYyaSZs0E9LREHZ4K0h4EP2zSO76Sfi1kk1ekkAqQxMWeP_zVrQKyxkOIA/N2VQ4j4NVPPquucBfAnEI4kU-3wHqAE-tNox6Ol20Co),http://www.slow.co/,Slow IV,SF Bay Area/Silicon Valley,
Sofia Fund,,http://sofiafund.com/,Sofia Fund II,"""Minneapolis, MN""",Specifically for women-managed companies
Softtech VC,88d27d0de246751dbbad7b080654af22.png (https://v5.airtableusercontent.com/v1/15/15/1678500000000/gsNj9NFf1AVW_2HmvhP26A/yx980arXPM8UF13cpkfbtbCbaAjwrCRbc0CLvPLTDIhF5fe5VsO2G3U1IgeQh3kS3MHvMl8ryeMfTI-mEQ40QQ/P_wfGzs6xLPekHdWKJcR_sf_GEeY-IiVWuzhpGhyjxs),http://www.softtechvc.com/,"Softtech VC V,Softtech VC I,Softtech VC III,Softtech VC IV",SF Bay Area/Silicon Valley,
StageOne Ventures,72de6eeaa1657f0c5c6413a1385ce042.jpg (https://v5.airtableusercontent.com/v1/15/15/1678500000000/53qIr5Cek0XlHHHgYAAJBQ/a9HO0GmxZjDPX3MKe5Dv8HH3Szm9fENABuzp-O1vI0j7KYgz7ynUxNABHFRS21u--YWcMSnlZWy3-dgJmKlyZQ/jsSMg-8UCQI8CMFiKSpStlbRk-SDveSWOEX5ux9sHGY),http://www.stageonevc.com/,StageOne Ventures II,Tel Aviv Metro Area,
State of Mind Ventures,re9wovmumd6iwousyn6u.png (https://v5.airtableusercontent.com/v1/15/15/1678500000000/cWL3yWJa7udskRBmU0TrSw/NPxbnDB8nefpHHpF0GaC9wmSTYVwM_gZJ-kodmQtjwgXI12XMTbL_0pLJ7F21_3v/PlI-IABbohoeXiO4KPaas_W4TX6Rz9EtUmPGpnhk-ss),http://www.somv.com/,State of Mind Ventures I,Tel Aviv Metro Area,
Storm Ventures,3bcfc50684d16deb9650136dafc1fda4.png (https://v5.airtableusercontent.com/v1/15/15/1678500000000/qHZ0Cxamc1HDxQU9_rdKpw/D90iWUO6rFDlNcZlQGf-bcmFGLcxJqTu8657AuKx4ZlyEVjWztlD2HS-I28UY2UMgLoBmE4CxMmpaWuolPUTBw/skrhsH4ffpsV45Lw5yq2f9iovYuVcO3EaV5gV7o4RJ8),http://stormventures.com/,Storm Ventures V,SF Bay Area/Silicon Valley,
Structure Capital,aquvjrtfml5bmiuzw7dn.jpg (https://v5.airtableusercontent.com/v1/15/15/1678500000000/-FM7chsp9swJ4bdbbtoaXA/qae8s9Nbo_JG65PETaBLZjsLiQczRdaafkSntLK8qaPVQs_-1HcESDZHKq-cSsuO/zFSKaT6J3U3Yd5mTD9iPqQdHV7pOjMu58XWIcarSMqo),http://www.structure.vc/,Structure Capital II,SF Bay Area/Silicon Valley,
Super Ventures,zaqmbbiuawzd2zxogv8c.png (https://v5.airtableusercontent.com/v1/15/15/1678500000000/PVEvV7UrXMLYys_Doz4meg/bVusBGLuqDJPwYmf1AS_FoebxxtOm6mpJzIaWlUSpkE-3zxWHwgjgUXMAzy6-kl1/MmsckR9YvUHsrSyMQk4su12Q95m7gCBkkyXl0161KuI),http://www.superventures.com/,Super Ventures I,SF Bay Area/Silicon Valley,
Susa Ventures,337c863d13cb777d5f4ac64aa679b7c2.png (https://v5.airtableusercontent.com/v1/15/15/1678500000000/eO400MivuR2n9JM9LGkFGg/2gEDswM2dh1lprdthIW1ITOnpNfKy5jKLmRTrSkNbnDhSdFAwF5nyAgH8m278kBcDJ2q8w_VHQUTW6m57WfmjA/pOvF-HFKQKk0Lz0AAW0-pSyTesGLGif2Y3nt0xcQ1lY),http://www.susaventures.com/,"Susa Ventures II,Susa Ventures I","SF Bay Area/Silicon Valley,Los Angeles,""New York, NY""",
SV Angel,20e0740010dd063a306ed323780065b0.png (https://v5.airtableusercontent.com/v1/15/15/1678500000000/JC1HUWBHaUTl4xm4E42WJg/rG8Jaxjn06CenqaNuCh2mXflKkZx2oSZKkbPD9V5KVX07GHnn8v2wao6kxyhkzQEia04F-pLrHebV6xZV_Dimg/ECrPNneR0Kj8cNj_5sGlGpXXERFQ1Q1YRC-YBi5oCmQ),http://svangel.com/,SV Angel IV,SF Bay Area/Silicon Valley,
Techstars Ventures,dsrppikuuefczpjclubm.png (https://v5.airtableusercontent.com/v1/15/15/1678500000000/kkFxItpbZH9oK3NDkbmZVw/achUzE00YhefRoVIC9IJAKsLnyzpCh_UaGRSyL_of1iR23Hr-1E5xZmtjLty-MNi/0iJFMHF7OjyutPrdkFjT3SbGu6s8faUOU09ppMSnu7Q),http://techstars.com/ventures,Techstars Ventures III,"""Boulder, CO""",
TenOneTen,d205e6c3d322c1544c0fa3109e9b1ea7.png (https://v5.airtableusercontent.com/v1/15/15/1678500000000/UG4I4FdSmfarBN1OcPnJJA/SI3Z_IIABnPC1YlYRiIV8xmu2QsjKQcu-wAtv8LmKJSvqUjyoa7yb25mr71yvTbVJviggO-T-EJYgiNNxbGznQ/kgzs_N6FslYy7iHSyH5jBb5-svxgW52-ByKGHa-tD9w),http://tenoneten.net/,TenOneTen I,Los Angeles,
Thrive,vxbny8b3elsusdxbiap3.jpg (https://v5.airtableusercontent.com/v1/15/15/1678500000000/XcdOdZe2VspMzhSde6IFxQ/9vWfdauNCZjqvyoauPJzBTyBIKG5G1gncoe0IpmJrVRKKotARp0dkf3K84MorDkT/_ngesn9Nlj7h4SElaw0TyY8pEmWse2R8Q2wKWsC3PVY),http://thrivecap.com/,Thrive III,"""New York, NY""",
TLV Partners,fngwm7xndkqyeegesypu.png (https://v5.airtableusercontent.com/v1/15/15/1678500000000/P-Oco16_qFvWEcO5CrFYpQ/YcmB3HsFq9VTycmYPfPq2PIGZsN_Xd_GpYawkHgRMGrmZp60QzBUat9flZFmKe4W/FN-BkIOx7gtSrDXj5hn9TCmCBlSnfUdAtmbsFClRE1c),http://www.tlv.partners/,TLV Partners I,Tel Aviv Metro Area,
Tribeca Venture Partners,zzajkx36s50mz8vi0vkk.jpg (https://v5.airtableusercontent.com/v1/15/15/1678500000000/RCE4eAZE_UuudTkzNkrOlg/ETTH6czL30LuZyaRFB9D-DEdAkZ_lUsr28RCIT3uMLhv3kVoepd6G_2UKLqJu0Mm/jnDuIinbf6VXtTTBLn5_SZuV8Clew0GlQAbntNVTdz0),http://www.tribecavp.com/,"Tribeca Venture Partners II,Tribeca Venture Partners I","""New York, NY""",
Tullis Growth Fund,ea137b479c53179ba2f9bcf9814dea3b.png (https://v5.airtableusercontent.com/v1/15/15/1678500000000/KiUphQkJ0w_tt28oghKLnw/pwUL2GGrV9bsqx_S7cN6BHi39pjkC-50CWrvhfNhMuUbb7cDwSKInX_pqoMWl9cJPWDPyGWFI1dsvvRxB7M3Jw/mXgKDvaHeoID_Z1_xionsT5o7T54X6aTOwtk8rbTctE),http://www.tullisfunds.com/funds/tg-tullis-growth,Tullis Growth Fund I,"Beijing,""Greenwich, CT"",""Palm Beach Gardens, FL""",
Twilio Fund,a11a490b6bd05d843b4371f580b93f11.jpg (https://v5.airtableusercontent.com/v1/15/15/1678500000000/1eCwDGOe6reIbGGE1eY6tg/ZkKN5TTJ0ZEaiM4E_upLs1ZqyPLxISarZ7fZdX1nj2-RCgIc-p-KtrC8MVL8gZYcbT6GyBuYTXZmwqcFmojBJQ/BLiGUsmuUrO9IPYZoUC15NK_1NqIZNUg7UkMXegFzQk),https://www.twilio.com/fund,Twilio Fund I,SF Bay Area/Silicon Valley,
Underscore,rnhu3gcavgubznak04vk.png (https://v5.airtableusercontent.com/v1/15/15/1678500000000/AC0zy-mGClHe74LkiQD4pQ/Kxydkbgj5DHX8IbqgpP7Lr3aEeD7X0mYyfeML1wHd8oeESuNLSc1Qtz3vDPhRwKw/gb_yvdQaO5j6RMqb5Q3Gtp7GkJUf7CHXv4jLZojNsm0),http://www.underscore.vc/,Underscore I,Boston/Cambridge,
Union Square Ventures,vt0qjg347v6gall2hmeb.jpg (https://v5.airtableusercontent.com/v1/15/15/1678500000000/teIF2KYu_cFU_b6I1Qd-gg/h-XneMbErSyBTFtU_jA7bzv9Jx0Jq6KzVg-uBAscms7YIO3zqU-IADekglWrG9Sg/_dZhpyCS2bsN81fF9_mWiyVFM3NxIO6sfz4Z7MMl0W4),http://www.usv.com/,"Union Square Ventures V,Union Square Ventures IV,Union Square Ventures IV,Union Square Ventures III,Union Square Ventures II","""New York, NY""",
Unshackled,kw3dsmzg8gql7vamx6ya.png (https://v5.airtableusercontent.com/v1/15/15/1678500000000/hdUXkEP8hoieOpfnUjGhhQ/UErqc6qgYvKYoUy9mrEPgVbZIe5Ro0ZXb4FQPFukKZugIecApp9bfRMcDOzGJMRv/cpbDnK_SKMpgtZIEQGAzncrnuX3wkKjv2iUwjT7obkU),http://unshackledvc.com/,Unshackled I,SF Bay Area/Silicon Valley,
Upfront,8647fd890a54e10bd320ada2651040c5.png (https://v5.airtableusercontent.com/v1/15/15/1678500000000/oZf_7AEdX6vQGus4JtAErQ/2W3k3tVuw3QvEW_uITURSmPGVaVJA86rYJ6sTUxCaWem_ePclgMFxMJBlbVrC5XVYb-62o2GLQZugJ0r9bnt6A/d78FtXPVhgsfiLHCZKn6IU4J_gqG_LPzmO3AwhQHwqc),http://upfront.com/,Upfront IV,Los Angeles,
Upside Partnership,xxksxcjcwo8nqeaxmzx3.png (https://v5.airtableusercontent.com/v1/15/15/1678500000000/rrvH2590hlpirbsyYMmpQA/Tt7Tn0eVjUvH4xTrgaxed7jFiDa5fCMgejuYmxA0hx9tqrSzmidgNotePw33J3z1/iKSydv86WCBQVVoxeJWJYI8iBemM9wt0ix2POyacaKY),http://upsidevc.com/,"Upside Partnership II,Upside Partnership I",SF Bay Area/Silicon Valley,
Vayner/RSE,mojwshldpnj7zh3hcrau.png (https://v5.airtableusercontent.com/v1/15/15/1678500000000/bUsSv9dPjxSA_39CTEdzog/hfn_XTiLu89erA1i3RmhDvD7lBHkr3qfiU7Gs7PJNZ6UQqw4p4Svm2QTPaGcLJ3o/gb2v3AZSJ9YpThIbRxTi1oqR-uTQX41GPdKd8v844SI),http://vaynerrse.com/,Vayner/RSE I,"""New York, NY""",
Version One Ventures,f87799370e7476d4da670d7af135eebb.png (https://v5.airtableusercontent.com/v1/15/15/1678500000000/URYORaGWNk--HP28bg5hvg/6MqDRf2kh80rtnpubUCn5JB72Drqfm7GuiLVZQMEIKcjDavKwoeBaQ2uajU6kpiQ9oXr7F2LDEiEtgsShY25Jw/fCBCbNP_Ih8AT-f_CRCvBpFuEKGm9rDHSsn3izPpvQw),http://versionone.vc/,"Version One Ventures II,Version One Ventures I",Vancouver,
Westly Group,dc1ee6850578def24dbe5d3a4f1941e3.png (https://v5.airtableusercontent.com/v1/15/15/1678500000000/rUtdugRMDNOEnTRbG4_Zpg/wLQIpm6iNyXKDAPuU01nihzyiebQAdRSHvOwF24uAAwDAiT25jYhmVallTDAmHLTNPy4TiQRYF-yMHIlJf-naw/LO3NmOD160-lVwnyPzuvf7rt9e64jTE3VRHwE4b5yTE),http://www.westlygroup.com/,Westly Group II,SF Bay Area/Silicon Valley,
White Star Capital,hcw35ep4xvtw0inw6yse.jpg (https://v5.airtableusercontent.com/v1/15/15/1678500000000/Jz7S22C_qXAcsOhs6bjHXA/nytZ9mlsYdIyWfHgx97JIkwp9fT4JRLiy9s46noQayinJ31GIhwIj2eLGmEF9O_3/BJ-nZOytMS3DPJ7_GzqQyhbawiPqGswN0jAmxY3tBMw),http://www.whitestarvc.com/,White Star Capital I,"""New York, NY"",London,Montréal",
WindSail Capital,aacec93ebdb4feda2606eed89b87938b.png (https://v5.airtableusercontent.com/v1/15/15/1678500000000/cE9Nzm90j23iSDAC5Xz4gg/6gZXTxguIiqphnLsF-0y6xKQ9KJqzR01FTmg0QGr51fcAMPUAd_K4ZONU7oMnIzjF26i_rNFTJGyFVUIWgMEzQ/OdGRa10yVw-ZS-UaQbmTL8HRKAJKCZwb0vTbOLbdIMo),http://windsailcapital.com/,WindSail Capital I,Boston/Cambridge,
Work-Bench Ventures,4317ffa86e35706a3436c5d7b2b4abd7.png (https://v5.airtableusercontent.com/v1/15/15/1678500000000/GqQnarHmolAs9qje6hRSoQ/W-wGdONCw-5krN8izb3NwPgIwO-KMNMuy1lX05qEC6Ut6arqXX44V3ZvcBDNwHqx5e049cwlq9Lan5ZhLw8vrw/0_qEGm5nlkXBnv2j4RzlhsQ-5QWn2pYjOUuy3iVMEpg),http://work-bench.com/,Work-Bench Ventures I,"""New York, NY""",
xFund,cfo9fy3wpyedprzzv3kg.png (https://v5.airtableusercontent.com/v1/15/15/1678500000000/K80u2PFY0EQTZW6vVhfYdQ/9eeEznEWaW-SIXLjurmBP70dxqWUv6dvQXsLD878NVAejkNnKcJdijjNWTPMNDCJ/E3HbTSL2TFlwMtGZPNnMB6Ta0PZHnt9Ufdoi2uWBFwo),http://xfund.com/,xFund II,"Boston/Cambridge,SF Bay Area/Silicon Valley",
YL Ventures,55a03e66cf8212d65726740b416f14a2.jpg (https://v5.airtableusercontent.com/v1/15/15/1678500000000/LiA1QvXsg8P_xEFfA9ttCQ/37mc-TI6ehpkCZdgWMPKZFEZKC-XtZFpxQKjYKBkwEhiO2wfEknu52iz4VRnrHu-NjuzZ56jRHJ40rA04KgCgQ/bThEMG6_N7QzkSf1o29tB0NXqRdnDpsaTIL8cSzMzBM),http://www.ylventures.com/,YL Ventures II,"Tel Aviv Metro Area,SF Bay Area/Silicon Valley",
Zetta Venture Partners,r3skqe9nezeytlb2oigs.png (https://v5.airtableusercontent.com/v1/15/15/1678500000000/t-VQWxoT_hNu2BnklI867w/SvB45p9T8MzxK6GiVpItLKnIs5vBAAdFq5ubTMFXdey6sHpyd8_fSdfWP1g1Rfjd/sZQjNra1lpOiSSCLBZDOxlo7kqogouwtZc0zGbbRjuw),http://www.zettavp.com/,"Zetta Venture Partners II,Zetta Venture Partners I",SF Bay Area/Silicon Valley,
