Fund Name,Amount Raised $M USD,Date announced and or Raised,Year Raised,Fund Number,Location,Notes
1,Cake Ventures,$17,1/12/2023,2023,I,Bay Area,https://www.forbes.com/sites/alexkonrad/2023/01/12/monique-woodard-new-fund-cake-ventures/?sh=7519f52b6b47
2,FJ Labs,$200,1/25/2023,2023,I,NYC,https://techcrunch.com/2023/01/25/most-active-investor-fj-labs-closes-on-260m-across-two-new-vehicles/
3,Cowboy Ventures,$140,1/23/2023,2023,IV,"Bay Area, NYC",https://techcrunch.com/2023/01/23/cowboy-ventures-goes-bigger-with-260m-across-two-new-funds-including-an-opportunity-fund/
4,Courtside Ventures,$100,1/19/2023,2023,III,NYC,https://venturebeat.com/games/courtside-ventures-raises-100m-fund-for-sports-collectibles-wellness-and-gaming/
5,Sequoia Capital Seed Fund,$195,1/18/2023,2023,V,Bay Area,https://www.sequoiacap.com/article/seed-fund-and-arc-announcement/
6,Not Boring Capital,$30,1/10/2023,2023,III,NYC,
7,10D,$185,12/20/2022,2022,II,Tel Aviv,https://www.calcalistech.com/ctechnews/article/hygyjn1yi
8,Wischoff Ventures,$20,12/16/2022,2022,II,Tennessee,https://techcrunch.com/2022/12/16/solo-gp-nichole-wischoff-raises-20m-fund-backed-by-peter-thiel-to-invest-in-unsexy-businesses/
9,Jetstream,$10,12/15/2022,2022,I,Bay Area,https://twitter.com/leepnet/status/1603427675279720452
10,Boulder Ventures,$58,12/7/2022,2022,VII,Colorado and DC,https://www.bizjournals.com/denver/inno/stories/news/2022/12/07/boulder-ventures-closes-fund-colorado-startup.html
11,Coelius Capital,$33,12/14/2022,2022,II,Bay Area,https://www.linkedin.com/pulse/announcing-coelius-capital-2-zach-coelius
12,Union Square Ventures - climate fund,$200,12/9/2022,2022,II,NYC,
13,645 Ventures,$194,12/1/2022,2022,IV,NYC,
14,Banana Capital,$20,11/30/2022,2022,II,,https://www.thespl.it/p/banana-fund-2
15,Double Down ,$30,11/2/2022,2022,I,"Miami, FL",https://techcrunch.com/2022/11/02/crypto-consumer-web3-solo-female-gp-magdalena-kala-double-down/?tpcc=tcplustwitter
16,Streamlined Ventures,$140,10/27/2022,2022,V,Bay Area,
17,Propeller Ventures,$100,10/20/2022,2022,I,Boston,https://www.propellervc.com/blog/introducingpropeller
18,Will Ventures,$150,10/18/2022,2022,II,Boston,https://techcrunch.com/2022/10/18/will-ventures-second-fund-sports-technologies/
19,Conviction,$100,10/4/2022,2022,I,,https://sarahguo.com/blog/conviction
20,Dorm Room Fund,$13,9/6/2022,2022,I,"Boston, NYC, SF, Philly",
21,Shima Capital,$200,8/17/2022,2022,I,,https://www.coindesk.com/business/2022/08/17/bill-ackman-among-investors-as-venture-capital-crypto-firm-shima-capital-raises-200m-fund/
22,Life Extension Ventures,$100,8/18/2022,2022,I,"NYC, London, SF",https://techcrunch.com/2022/08/18/this-new-100m-fund-plans-to-focus-on-startups-accelerating-the-science-around-longevity/
23,Tapestry,$31,8/3/2022,2022,II,"SF, London, Dublin",https://www.siliconrepublic.com/start-ups/tapestry-vc-venture-capital-two-funds
24,Spacecadet Ventures,$15,8/1/2022,2022,I,NYC,https://www.businessinsider.com/spacecadet-ventures-vc-pitch-deck-raise-money-seed-fund-2022-2
25,ANIMO Ventures,$78,7/28/2022,2022,II,Miami,
26,House Capital,$10,7/27/2022,2022,I,"NYC, SF, LA",https://www.businesswire.com/news/home/20220727005080/en/Launch-House-Announces-House-Capital---Its-Venture-Arm
27,Protagonist,$100,7/12/2022,2022,I,Miami,https://www.coindesk.com/business/2022/07/12/solanas-macalinao-brothers-launch-100m-vc-fund/
28,Conscience,$10,7/12/2022,2022,I,Miami,https://techcrunch.com/2022/07/12/conscience-vc-raises-oversubscribed-fund-for-consumer-companies-rooted-in-science/amp/
29,Race Capital,$150,7/11/2022,2022,II,Bay Area,https://www.axios.com/pro/fintech-deals/2022/06/30/race-capital-150-million-second-fund?utm_source=substack&utm_medium=email
30,Lorimer Ventures,$10,7/1/2022,2022,I,NYC,
31,Recripocal Ventures,$70,6/28/2022,2022,II,NYC,https://www.theblock.co/post/154743/early-stage-solana-backer-reciprocal-ventures-launches-70-million-fund
32,True Wealth Ventures,$35,6/27/2022,2022,II,Austin,https://techcrunch.com/2022/06/27/austin-true-wealth-ventures-raises-second-fund-female-women-startups-founders-entrepreneurs/?guccounter=1&guce_referrer=aHR0cHM6Ly93d3cubGlua2VkaW4uY29tLw&guce_referrer_sig=AQAAALFo8IWrxnyhlKiEVVpgizAmIeGfX8AiQY-LwNT64pOjLj-P1Cak0D7hsUohznnQ1kWdBor6OFHdBmypRHwQZzCg4wvSIDbkqKofw7X29tVLKbcedXIMpK5xx2lKaPWvBbyZOcaiIHS9aYGqbKi_aMYu8spQqgP2sbsyJt4IXYYc
33,Shine Capital,$200,6/2/2022,2022,II,NYC,
34,Exceptional Capital,$30,6/2/2022,2022,I,Miami,https://www.forbes.com/sites/rebeccaszkutak/2022/02/15/solo-black-gp-marell-evans-launches-exceptional-capital-to-focus-on-b2b-software/?sh=4041ab2a58e4
35,Canonical Ventures,$20,6/2/2022,2022,I,Bay Area,https://techcrunch.com/2022/06/02/microsoft-web3-solo-gp-venture-fund-backs-crypto-developer-tools-infrastructure/
36,Great North Ventures,$40,5/23/2022,2022,II,Minneapolis,https://greatnorthventures.com/great-north-ventures-raises-40-million-fund-ii/
37,GreenPoint Partners,$134,5/19/2022,2022,I,NYC,https://www.prnewswire.com/news-releases/greenpoint-announces-global-platform-investing-at-the-intersection-of-real-assets-technology-and-sustainability-301550252.html?tc=eml_cleartime
38,Tusk Ventures,$140,5/17/2022,2022,III,NYC,
39,6th Man Ventures,$145,5/12/2022,2022,II,NYC,https://www.coindesk.com/business/2022/05/12/6th-man-ventures-raises-145m-for-crypto-fund-report/
40,Chingona Ventures,$53,5/6/2022,2022,II,Chicago,https://techcrunch.com/2022/05/06/chingona-ventures-lands-52m-to-fund-overlooked-founders-in-massive-markets/
41,Valia Ventures,$50,5/5/2022,2022,II,NYC,https://techcrunch.com/2022/05/05/meet-valia-an-early-stage-vc-firm-backed-by-tiger-that-wants-to-back-founders-who-are-breaking-the-mold/
42,Bull City Venture Partners,$50,5/4/2022,2022,IV,"Durahm, North Carolina",https://techcrunch.com/2022/05/04/bull-city-venture-partners-is-the-opposite-of-flashy-and-its-backers-approve/
43,Hetz Ventures,$123,5/3/2022,2022,III,Israel,https://techcrunch.com/2022/05/03/hetz-ventures-closes-third-fund-of-123m-to-focus-on-devops-tools-open-source-fintech-and-cyber/
44,January Ventures,$21,4/29/2022,2022,II,Boston and London,https://techcrunch.com/2022/04/28/january-ventures-fund-3-early-stage/
45,Expa,$200,4/1/2022,2022,III,"SF, NYC",https://www.expa.com/news/200m
46,Freesytle,$130,3/31/2022,2022,VI,Bay Area,
47,SteelSky Ventures,$72,3/23/2022,2022,I,Atlanta,https://femtechinsider.com/steelsky-ventures-fund-i/
48,Serena Ventures,$111,3/1/2022,2022,I,S. Florida,
49,186 Ventures,$37,2/28/2022,2022,I,Boston,https://www.bizjournals.com/boston/news/2022/02/28/heres-how-two-draftkings-alumni-came-to-launch-18.html
50,SRB Ventures,$10,2/25/2022,2022,I,NYC,
51,Better Tomorrow Ventures,$150,2/16/2022,2022,II,Bay Area,https://techcrunch.com/2022/02/15/better-tomorrow-ventures-closes-on-225m-fintech-focused-fund-which-is-triple-the-size-of-its-last-fund/?guccounter=1&guce_referrer=aHR0cHM6Ly90LmNvLw&guce_referrer_sig=AQAAAC2Eo_zTEvHK9ao-bglbuJAdvI8KQjaDpt7zN8wvCGrWDivyMVn2wBpMNxryMSmmdWJm6EB5iW0cHfc0Hdr4hcTwy_XMCUk275ImDk3YiuKsfa3aiwvhV4dLWqokp6rpANrMVzkMPreTYfQiDMvqbJNeCv69WQcwmU5Mg2vFNdh7
52,Burnt Island Ventrues,$30,2/11/2022,2022,I,NYC,https://www.forbes.com/sites/rebeccaszkutak/2022/02/17/burnt-island-ventures-raises-30-million-for-early-stage-water-startups/?sh=1710b56044f5
53,NOEMIS Ventures,$24,2/4/2022,2022,I,NYC,
54,Collider Ventures,$100,1/28/2022,2022,II,Israel,
55,2048 Ventures,$67,1/18/2022,2022,II,NYC,
56,Wonder Ventures,$31,1/13/2022,2022,III,LA,
57,TMV,$64,1/11/2022,2022,II,NYC,
58,Not Boring Capital,$30,1/10/2022,2022,II,NYC,
59,USV Climate Fund,$162,1/8/2021,2021,I,NYC,https://www.usv.com/writing/2021/01/usv-climate-fund/
60,1982 Ventures,$13,12/25/2021,2021,I,Singapore,https://aithority.com/technology/financial-services/singapore-1982-ventures-raises-us12-5million-in-the-first-close-of-seed-fund/
61,Crossbeam Venture Partners,$70,12/20/2021,2021,II,NYC,
62,Chapter One,$50,12/15/2021,2021,II,,https://mirror.xyz/chapterone.eth/vRrTabwSY_0z5GqPF5piVGIdUuHIPtv41v5VIZKl848
63,Script Capital,$38,12/13/2021,2021,II,,
64,Fifty Years,$90,10/28/2021,2021,III,Bay Area,
65,"Sino Global Capital, Liquid Value Fund",$200,10/25/2021,2021,I,China,
66,Variant,$110,10/19/2021,2021,II,NYC,https://variant.fund/writing/fund-ii-announcement
67,8-Bit Capital,$40,10/19/2021,2021,I,Bay Area,https://techcrunch.com/2021/10/04/8-bit-capital-co-led-by-jonathan-abrams-has-closed-its-first-fund-with-40-million/
68,Patron,$90,10/19/2021,2021,I,LA,https://patron.xyz/
69,500 Global,$140,9/17/2021,2021,,Global,
70,Gateway Capital,$14,8/9/2021,2021,I,"Milwaukee, WI",https://www.bizjournals.com/milwaukee/inno/stories/news/2021/08/09/gateway-capital-fund-close-13-5-m.html
71,Techstars,$150,8/6/2021,2021,,Multiple cities,https://www.techstars.com/newsroom/techstars-closes-oversubscribed-usd150m-fund-to-support-accelerators-high?_hsenc=p2ANqtz-_3xacgGF8-QmlN-z3lXaFIJDXmgepAFn3wrgOpmOUije4150ZQrPEGaBvPgalqvulPHjSsxn-KF6Ae6RFNMAtrZsJGR6LTTMTM6fedIIpkogHsNAU&_hsmi=146337128&utm_campaign=Techstars%20TSA%202021%20Announcement%20to%20investors&utm_content=146333637&utm_medium=email&utm_source=hs_email
72,Stage 2 Capital,$80,8/6/2021,2021,II,Multiple cities,
73,Work-Bench,$100,8/4/2021,2021,III,NYC,
74,True Beauty,$42,7/30/2021,2021,I,NYC,https://www.prnewswire.com/news-releases/true-beauty-ventures-raises-debut-fund-in-excess-of-42-million-backed-by-beauty-founders-and-executives-to-grow-emerging-beauty-and-wellness-brands-301344829.html?tc=eml_cleartime
75,Aperature,$75,7/27/2021,2021,I,"NYC, LA, Philly",https://www.prnewswire.com/news-releases/aperture-venture-capital-closes-first-round-of-75m-corporate-diversity-fund-301337448.html
76,Ocean Azul,$40,7/23/2021,2021,II,Miami,https://www.refreshmiami.com/ocean-azul-closes-fund-2-at-over-40-million-with-a-south-florida-commitment/
77,Moxxie Ventures,$85,7/19/2021,2021,II,,https://moxxie.substack.com/p/moxxie2
78,Vine Ventures,$50,7/13/2021,2021,I,NYC,https://ericreinervine.medium.com/vine-ventures-i-lp-2f52279eca57
79,Female Founders Fund,$57,7/13/2021,2021,I,NYC,
80,Zeal Capital Partners,$62,7/12/2021,2021,I,Washington D.C.,
81,Not Boring Capital,$8,7/12/2021,2021,I,NYC,https://www.notboring.co/p/introducing-not-boring-capital
82,H Ventures Partners,$10,7/8/2021,2021,I,"Cincinnati, Oho",https://techcrunch.com/2021/07/08/h-venture-partners-closes-10m-debut-fund-targeting-science-based-brands/
83,Stellation Capital,$40,78/2021,2021,I,NYC,https://techcrunch.com/2021/07/08/peter-boyce-stellation-capital/
84,Renegade Partners,$100,7/7/2021,2021,I,Bay Area,
85,Acrylic,$55,7/7/2021,2021,I,NYC,https://medium.com/@acrylic_/announcing-acrylic-c17878bc897
86,ATX Ventures,$150,7/5/2021,2021,III,"Austin, Texas",https://www.bizjournals.com/austin/news/2021/06/30/atx-venture-partners-150m-fund.html
87,MAGIC Fund,$30,7/6/2021,2021,II,"Bay Area, Miami",https://techcrunch.com/2021/07/06/magic-fund-raises-30m-to-scale-its-global-founders-backing-founders-fund/?guccounter=1
88,Comeback Capital,$12,7/1/2021,2021,II,Ohio,
89,Infity Ventures,$158,6/30/2021,2021,I,"Bay Area, NYC",https://www.businesswire.com/news/home/20220516005165/en/Infinity-Ventures-Launches-Inaugural-158-Million-Fund-Dedicated-to-Global-Fintech-Investing
90,Dynamo Ventures,$43,6/24/2021,2021,II,"Chattanooga, Tennessee",
91,Ubiquity Ventures,$50,6/23/2021,2021,II,Bay Area,
92,Golden Ventures,$100,6/23/2021,2021,IV,"Toronto, Canada",
93,MetaProp,$100,6/22/2021,2021,III,NYC,
94,Commerce Ventures,$150,6/18/2021,2021,IV,Bay Area,
95,20VC,$33,6/16/2021,2021,II,"London, UK",
96,Seven Seven Six,$150,6/10/2021,2021,I,"Miami, Florida",
97,Version One,$70,6/8/2021,2021,IV,"Bay Area, Canada",https://techcrunch.com/2021/06/08/version-one-launches-70m-fund-iv-and-30m-opportunities-fund-ii/
98,Brooklyn Bridge Ventures,$15,6/8/2021,2021,I,NYC,https://www.brooklynbridge.vc/bbv-raises-third-fund/
99,Firstminute Capital,$160,6/4/2021,2021,II,"London, UK",
100,Refactor Capital,$50,6/3/2021,2021,III,Bay Area,
101,Collab Capital,$50,5/26/2021,2021,I,Atlanta,https://medium.com/capital-innovation/collab-capital-closes-50m-first-fund-to-invest-in-black-innovators-22896db11ae8
102,Overlooked Ventures,$50,5/19/2021,2021,I,"Columbus, Ohio",
103,Ulu Ventures,$138,5/18/2021,2021,III,Bay Area,
104,Framework Ventures,$100,5/14/2021,2021,I,Bay Area,https://www.wsj.com/articles/crypto-venture-firm-framework-draws-institutional-support-11620990002?st=bzp0tw29d4ijwwh&reflink=article_copyURL_share
105,LDV Capital,$21,5/4/2021,2021,III,NYC,
106,Multicoin Capital,$100,5/4/2021,2021,II,"Austin, TX",
107,Banana Capital,$10,4/27/2021,2021,I,"Ann Arbor, MI",
108,Basis Set Ventures,$165,4/22/2021,2021,II,Bay Area,
109,BrandProject,$43,4/16/2021,2021,I,NYC,
110,Footwork,$175,4/15/2021,2021,I,Bay Area,https://nbt.substack.com/p/footwork
111,Harlem Capital,$134,3/31/2021,2021,II,NYC,
112,Starting Line,$30,4/12/2021,2021,II,Chicago,
113,MaC Venture Capital,$110,3/25/2021,2021,I,Los Angeles,https://macventurecapital.com/mac-venture-capital-raises-a-110m-inaugural-fund-to-invest-in-founders-building-the-future-we-want-to-see/
114,BBG Ventures,$50,3/24/2021,2021,III,NYC,https://www.forbes.com/sites/elizahaverstock/2021/03/24/bbg-ventures-closes-50-million-early-stage-fund-for-female-founders/?sh=30c974b67826
115,Bowery Capital,$70,3/22/2021,2021,III,"NYC, Bay Area",https://www.forbes.com/sites/rebeccaszkutak/2021/03/22/bowery-capital-sets-its-sights-on-san-francisco-with-a-fresh-70-million-fund-and-a-new-partner/?sh=5c51c617cdce
116,Village Global,$125,3/15/2021,2021,II,Bay Area,
117,Future Value Fund,$10,3/11/2021,2021,1,"Columbus, Ohio",https://www.rev1ventures.com/blog/rev1-ventures-launches-10mm-pre-seed-fund-with-osu-ohio-third-frontier/?utm_campaign=coschedule&utm_source=twitter&utm_medium=Rev1Ventures&utm_content=Rev1%20Ventures%20Launches%20$10MM%20Pre-Seed%20Fund%20with%20OSU%20and%20Ohio%20Third%20Frontier%20-%20Rev1%20Ventures
118,Savannah Fund,$35,3/10/2021,2021,II,"Kenya, South Africa, Tanzania",
119,Pioneer Square Labs,$100,3/4/2021,2021,II,"Seattle, Washington",
120,GSR Ventures,$180,3/4/2021,2021,I,Bay Area,
121,Founders' Co-Op,$50,3/1/2021,2021,V,"Seattle, Washington",
122,Silicon Road Ventures,$31,3/1/2021,2021,I,Atlanta,
123,Sequoia Capital Seed Fund,$195,2/26/2021,2021,IV,Bay Area,
124,Primary Venture Partners,$150,2/24/2021,2021,III,NYC,https://medium.com/thoughts-from-primary-venture-partners/longnyc-primary-announces-a-fresh-200mm-commitment-to-nyc-founders-e85d90a45ccf
125,Hustle Fund,$34,2/22/2021,2021,II,Bay Area,
126,Avid Ventures,$72,2/19/2021,2021,I,NYC,
127,Atelier Ventures,$13,2/16/2021,2021,I,USA,
128,Eniac Ventures,$125,2/9/2021,2021,V,NYC,
129,Construct Capital,$140,2/8/2021,2021,I,Washington D.C.,
130,Frontline Ventures,$84,2/5/2021,2021,I,"Dublin, Ireland and London",
131,Halogen Ventures,$21,2/3/2021,2021,II,Los Angeles,https://dot.la/halogen-ventures-2650282655.html
132,Scribble Ventures,$43,2/4/2021,2021,I,Bay Area,https://www.forbes.com/sites/alexkonrad/2021/02/04/twitter-alum-elizabeth-weils-vc-firm-debuts-with-42-million-to-bring-back-old-venture-collaboration/?sh=28c7d14c2a96
133,Softbank Miami Fund,$100,1/25/2021,2021,I,"Miami, Florida",
134,Kindred Ventures,$100,2/1/2021,2021,II,Bay Area,
135,NextView,$100,1/27/2021,2021,IV,"Boston, NYC",
136,ISAI,$175,1/24/2021,2021,II,France,https://techcrunch.com/2018/07/04/isai-closes-new-175-million-fund/
137,Ludlow Ventures,$60,1/22/2021,2021,IV,"Detroit, Michigan",
138,Define Ventures,$87,1/13/2021,2021,I,Bay Area,
139,Haystack Ventures,$50,2/2/2020,2020,V,Bay Area,https://twitter.com/semil/status/1224026347602755584
140,Overton Venture Capital,$9,12/31/2020,2020,I,NYC,
141,XYZ Venture Capital,$80,12/15/2020,2020,II,Bay Area,https://news.crunchbase.com/news/xyz-venture-capital-unveils-80m-second-fund/
142,Ada Ventures,$50,12/8/2020,2020,I,UK,
143,Bling Capital,$113,12/3/2020,2020,II,San Francisco,
144,Union Labs,$29,11/30/2020,2020,I,Bay Area,https://techcrunch.com/2020/11/30/union-labs-believes-uniting-vc-and-corporate-expertise-can-help-startups-solve-hard-tech-problems/
145,Seedcamp,$103,10/11/2020,2020,V,UK,
146,Oceans Ventures,$11,11/3/2020,2020,I,NYC,
147,645 Ventures,$160,10/28/2020,2020,III,NYC,
148,Impact America Fund,$55,10/272020,2020,II,,
149,Bullpen Capital,$130,10/1/2020,2020,V,Bay Area,
150,Conductive Ventures,$150,9/14/2020,2020,II,Bay Area,
151,Point Nine Capital,$117,9/22/2020,2020,V,Germany,
152,Mantis,$35,9/15/2020,2020,I,,https://techcrunch.com/2020/09/15/the-chainsmokers-just-closed-their-debut-venture-fund-mantis-with-35-million/?tpcc=ECTW2020
153,Xfund,$120,9/4/2020,2020,III,"Bosto, Bay Area",https://www.seas.harvard.edu/news/2020/09/xfund-celebrates-launch-new-fund
154,La Famiglia,$59,8/12/2020,2020,II,"Berlin, Germany",https://techcrunch.com/2020/08/11/la-famiglia/
155,Better Tomorrow Ventures,$75,8/12/2020,2020,I,Bay Area,https://twitter.com/pitdesi/status/1293926698681954305
156,Electric Capital,$110,8/3/2020,2020,II,Bay Area,crypto focused
157,Notation Capital,$42,7/30/2020,2020,III,NYC,https://medium.com/notation-capital/notation-iii-notation-moonlight-e31f5332c8d8
158,20VC Fund,$8,7/17/2020,2020,I,UK,
159,Coelius Capital,$45,7/15/2020,2020,I,Bay Area,https://www.wsj.com/articles/coelius-capital-founder-is-latest-angellist-investor-to-graduate-to-vc-fund-11594805402
160,Concrete Rose Capital,$15,7/10/2020,2020,I,Bay Area,https://www.bloomberg.com/news/articles/2020-07-07/investing-in-vc-funds-for-diverse-founders-is-getting-competitive?sref=iFePAYMn
161,Rethink Impact,$182,7/9/2020,2020,II,"NYC, DC, Bay Area",https://www.nytimes.com/2020/07/09/business/dealbook/venture-capital-women.html
162,Engineering Capital,$60,7/8/2020,2020,III,Bay Area,https://techcrunch.com/2020/07/08/this-vc-just-closed-on-60-million-to-fund-technical-risk-saying-other-vcs-rarely-do-the-same/
163,Victress Capital,$22,7/7/2020,2020,II,"Boston, MA",https://medium.com/@VictressCapital/announcing-victress-capital-fund-ii-a-women-led-vc-fund-focused-on-investing-in-early-stage-c448bc643193
164,Tech Square Ventures,$25,7/3/2020,2020,II,"Atlanta, GA",https://www.bizjournals.com/atlanta/news/2020/07/03/tech-square-ventures-second-investment-fund.html
165,Lightship Capital,$22,6/26/2020,2020,I,"Cincinnati, Ohio",https://www.wsj.com/articles/lightship-capital-launches-fund-for-underrepresented-founders-in-the-midwest-11593165601
166,Hoxton Ventures,$99,6/18/2020,2020,II,"London, UK",
167,Fly Ventures,$59,6/18/2020,2020,II,"Berlin, Germany",https://techcrunch.com/2020/06/17/fly-ventures-ii/
168,Pale Blue Dot,$63,6/16/2020,2020,I,Sweden,https://techcrunch.com/2020/06/16/pale-blue-dot/
169,Founder Collective,$75,5/21/2020,2020,IV,"Boston, NYC","previous fund was $75M, so assumption is that it is a similar size https://medium.com/@foundercollective/announcing-founder-collective-iv-77f31095482d"
170,Kickstart,$110,5/1/2020,2020,V,Utah,https://techcrunch.com/2020/04/29/utah-based-seed-fund-kickstart-closes-fifth-fund-worth-110m/
171,TheFund,$9,5/1/2020,2020,II,"NYC, LA, London",https://techcrunch.com/2020/04/30/the-fund-la-london/
172,BoostVC,$40,4/21/2020,2020,IV,Bay Area,https://techcrunch.com/2020/04/21/boostvc-closes-40m-fund-as-revamped-sci-fi-accelerator-preps-for-digital-demo-day/
173,Corigin Ventures,$36,4/14/2020,2020,I,NYC,https://techcrunch.com/2020/04/14/corigin-ventures-raises-36m-debut-fund-to-invest-in-startups-that-help-with-99-of-daily-life/
174,Zetta Ventures,$180,4/14/2020,2020,III,Bay Area,https://www-bloomberg-com.cdn.ampproject.org/c/s/www.bloomberg.com/amp/news/articles/2020-04-14/zetta-venture-partners-clears-pandemic-hurdles-for-biggest-fund
175,TheVentureCity,$75,4/1/2020,2020,II,"Miami, Madrid",
176,Coeffecient Capital,$170,4/2/2020,2020,I,NYC,https://www.bevnet.com/news/2020/new-fund-coefficient-capital-to-back-omnichannel-businesses
177,Shrug Capital,$15,3/11/2020,2020,II,Bay Area,https://twitter.com/ShrugCap/status/1237441346148786176
178,Equal Ventures,$56,2/11/2020,2020,I,NYC,https://techcrunch.com/2020/02/11/equal-ventures-raises-debut-56m-fund-to-double-down-on-thesis-driven-seed/
179,TLV Ventures,$150,2/9/2020,2020,III,Israel,https://nocamels.com/2020/02/venture-capital-firm-israel-tlv-partners-fund/
180,Royal Street Ventures,$20,1/1/2020,2020,III,"Kansas City, Missouri",
181,Union Square Ventures,$190,1/2/2019,2019,V,NYC ,https://techcrunch.com/2019/01/02/union-square-ventures-secures-429m-across-two-new-funds/
182,Plexo Capital,$43,12/5/2019,2019,I,Bay Area,https://techcrunch.com/2019/12/05/gv-spinout-plexo-capital-closes-42-5-million-fund/
183,Tusk Ventures,$70,12/18/2019,2019,II,NYC,
184,Moxxie Ventures,$25,12/18/2019,2019,I,SF,https://medium.com/@KatieS/introducing-moxxie-ventures-8e4a73bb6477
185,Aleph,$200,12/17/2019,2019,III,Israel,
186,Harlem Capital,$40,12/2/2019,2019,I,NYC,https://medium.com/@harlemcapitalpartners/harlem-capital-closes-40mm-inaugural-fund-6cb754600330
187,House Fund,$44,11/18/2019,2019,II,Bay Area,https://techcrunch.com/2019/11/18/the-house-fund-closes-its-second-fund-with-44-million-to-pour-into-uc-berkeley-grads-alums-and-faculty/
188,Kindred Ventures,$56,11/18/2019,2019,I,Bay Area,https://twitter.com/km/status/1196505067899064321
189,Motivate Ventures,$43,11/15/2019,2019,I,Chicago,https://motivate.vc/
190,BoldStart Ventures,$112,11/14/2019,2019,IV,NYC,https://pitchbook.com/newsletter/boldstart-ventures-snags-157m-across-two-funds
191,BoldStart Ventures Opportunity Fund,$45,11/14/2019,2019,I,NYC,
192,ScaleX Ventures,$20,11/6/2019,2019,I,Turkey,
193,Chingona Ventures,$6,10/15/2019,2019,I,Chicago,
194,Refactor Capital,$30,10/21/2019,2019,II,Bay Area,
195,Rise of the Rest,$150,10/28/2019,2019,II,Washington DC,https://www.forbes.com/sites/alexkonrad/2019/10/28/steve-case-launches-second-rise-of-rest-fund-at-under-30-summit/#5fc397fd6632
196,Base10 Partners,$180,10/21/2019,2019,II,Bay Area,https://www.pehub.com/vc-journal/emerging-manager-base10-quickly-raises-sophomore-fund/
197,Bloomberg Beta,$75,10/1/2019,2019,III,"NYC, Bay Area",
198,Indicator Ventures,$25,9/30/2019,2019,II,"NYC, Boston",
199,Remagine Ventures,$35,9/17/2019,2019,I,UK,https://techcrunch.com/2019/09/17/remagine-secures-35m-fund-backed-by-media-giants-to-focus-on-entertainment-and-media-tech/
200,F2 Venture Capital,$75,9/1/2019,2019,II,Israel,
201,Cleo Capital,$4,8/19/2019,2019,I,Bay Area,https://www.marieclaire.com/career-advice/a28713005/sarah-kunst-cleo-capital-fund/
202,Uncork Capital,$200,8/19/2019,2019,VI,Bay Area,https://techcrunch.com/2019/08/19/uncork-uncorks-two-new-funds/
203,YL Ventures,$120,7/10/2019,2019,IV,Israel,
204,Haystack Ventures,$50,7/5/2019,2019,V,Bay Area,https://news.crunchbase.com/news/sec-filing-haystack-ventures-closed-50-million-for-oversubscribed-fifth-flagship-fund/
205,Fifty Years,$50,7/1/2019,2019,II,Bay Area,https://www.wsj.com/articles/fifty-years-raises-second-fund-focused-on-biotech-startups-11562007704?emailToken=72d9e0eda1281af90f956c5a3070266bVAI1USypz/h7ZsnPwJlJqtaB3urT83%2B9NlhAIcLzde8SQNDkCmUnbBqPd7a%2BVUvPxQYLilJ4Lm8hTz4qKbN%2B2haASh7mCcoowBqynXI640i23DEI5JVAh//JTB4jr2XA
206,Susa Ventures,$90,7/1/2019,2019,III,Bay Area,https://techcrunch.com/2019/07/01/susa-ventures-a-young-vc-firm-with-some-high-flying-bets-just-closed-on-140-million-in-new-capital/
207,XFactor Ventures,$9,5/31/2019,2019,II,NYC,
208,Maveron,$194,5/29/2019,2019,VII,"Seattle, Bay Area",
209,Ludlow Ventures,$45,3/21/2019,2019,III,"Detroit, Michigan",
210,Plexo Capital,$35,3/12/2019,2019,I,Bay Area,
211,Precursor Ventures,$31,2/28/2019,2019,II,Bay Area,
212,ATX Seed Ventrues,$32,2/28/2019,2019,II,"Austin, Texas",
213,Human Ventures,$50,2/28/2019,2019,I,NYC,
214,Sorenson Capital Ventues,$110,2/28/2019,2019,I,Utah,
215,Blossom Capial,$85,2/26/2019,2019,I,"London, UK",
216,Boulder Food Group,$103,2/27/2019,2019,II,"Boulder, Colorado",
217,iNovia Capital,$200,2/19/2019,2019,V,"Montreal, Toronto, Bay Area, London",https://blog.inovia.vc/crafting-our-own-venture-model-as-a-full-stack-venture-firm-82325888a496
218,Partech Africa Fund,$143,1/31/2019,2019,I,"Paris, Bay Area, Berlin, Nairobi",
219,Active Capital,$22,2/1/2019,2019,I,"San Antonio, Texas",https://therivardreport.com/local-vc-firm-active-capital-announces-debut-fund-of-20-million/
220,Ubiquity Ventures,$30,1/23/2019,2019,I,Bay Are,
221,BlueRun Ventures ,$130,1/17/2019,2019,VI,Bay Area,
222,BlueYard Capital,$127,1/15/2019,2019,II,"Berlin, Germany",
223,Resolute Ventures,$75,1/16/2019,2019,IV,"Boston, Bay Area",
224,Providence Ventures,$150,1/9/2019,2019,II,"Seattle, Bay Area",
225,Motley Fool Ventures,$146,1/9/2019,2019,I,"Virginia, USA",http://www.finsmes.com/2019/01/motley-fool-closes-first-venture-capital-fund-at-145-73m.html
226,Aspect Ventures,$181,1/23/2018,2018,II,Bay Area,
227,Heron Rock Fund,$25,12/3/2018,2018,II,"Ontario, Canada",
228,Zigg Capital,$108,12/20/2018,2018,I,NYC,
229,Work-Bench,$47,12/13/2018,2018,II,NYC,https://techcrunch.com/2018/12/13/nycs-work-bench-announces-47m-enterprise-investment-fund/
230,212,$34,12/13/2018,2018,II,Turkey,
231,One Way Ventures,$28,11/18/2018,2018,I,Boston,https://www.wsj.com/articles/new-funds-aim-to-help-immigrant-founders-1510948911
232,500 Startups Vietname,$14,11/18/2018,2018,I,Vietnam,
233,Wonder Ventures,$15,11/15/2018,2018,II,LA,https://medium.com/@duro/announcing-wonder-ventures-fund-ii-15m-pre-seed-fund-focused-on-la-3ace050e8ea2
234,Comeback Capital ,$2,10/17/2018,2018,I,Ohio,https://businessjournaldaily.com/fund-connects-regional-startups-with-national-investment/
235,Version One Ventures,$45,10/17/2018,2018,III,"Vancover, Canada and Bay Area",https://www.geekwire.com/2018/version-one-ventures-raises-45m-third-fund-keeps-close-eye-seattle-ecosystem/
236,Atomic,$150,10/10/2018,2018,II,Bay Area,https://www.forbes.com/sites/alexkonrad/2018/10/10/atomic-startup-studio-new-fund/#4ccee372e570
237,Base10 Partners,$137,9/17/2018,2018,I,Bay Area,https://venturebeat.com/2018/09/17/base10-partners-launches-137-million-early-stage-ai-startup-fund/amp/
238,Seven Peaks Ventures,$28,9/13/2018,2018,II,Oregon,https://www.geekwire.com/2018/seven-peaks-ventures-raises-28m-fund-will-invest-25-early-stage-startups-across-pacific-northwest/
239,645 Ventures,$41,8/23/2018,2018,II,NYC,
240,Corigin Ventures,$22,8/20/2018,2018,II,NYC,https://therealdeal.com/2018/08/20/corigin-ventures-raises-22m-in-second-fund/
241,Cowboy Ventures,$95,8/7/2018,2018,III,Bay Area,
242,Company Ventures,$35,8/1/2018,2018,I,NYC,
243,Health Enterprise Partners,$188,8/9/2018,2018,III,NYC,https://www.prnewswire.com/news-releases/health-enterprise-partners-raises-188-million-in-oversubscribed-third-fund-300676848.html
244,RevTech Ventures,$40,7/30/2018,2018,VII,"Dallas, Texas",
245,Eos Venture Partners,$100,7/12/2018,2018,I,Philadelphia and London,
246,New Voices Fund,$100,7/6/2018,2018,I,,https://newvoicesfund.com/about/
247,ANIMO Ventures,$60,7/1/2018,2018,I,"SF, NY, Miami",
248,Wave Capital,$53,6/26/2018,2018,I,LA,
249,Primary Venure Partners,$100,6/12/2018,2018,II,NYC,https://techcrunch.com/2018/06/12/primary-venture-partnrs-fund-ii/
250,White Star Capital ,$180,6/4/2018,2018,II,"London, New York, Montreal, Paris, Tokyo ",
251,Stride,$53,6/4/2018,2018,I,UK,https://techcrunch.com/2018/06/04/stride-vc/
252,Huobi Partners,$93,6/1/2018,2018,I,South Korea,https://www.coindesk.com/huobi-partners-on-93-million-china-south-korea-blockchain-fund/?utm_content=bufferff85d&utm_medium=social&utm_source=twitter.com&utm_campaign=buffer
253,Collaborative Fund,$100,5/29/2018,2018,IV,NYC,
254,Contrary Captal,$2,5/24/2018,2018,I,Midwest,https://medium.com/@contrarycapital/announcing-fund-i-365e8ea66f78
255,Underscore,$115,5/30/2018,2018,II,Boston,
256,Silverton Partners,$108,5/11/2018,2018,V,"Austin, Texas",
257,Female Founders Fund,$27,5/8/2018,2018,II,NYC,
258,Backstage Capital,$36,5/4/2018,2018,II,Los Angeles,
259,Salesforce Ventures - Canadian Trailblazer Fund,$100,5/3/2018,2018,I,Bay Area,
260,Hustle Fund,$12,5/1/2018,2018,I,Bay Area,
261,Golden Ventures,$58,5/2/22018,2018,III,"Toronto, Canada",
262,South Park Commons,$40,4/26/2018,2018,I,Bay Area,
263,Imaginary Ventures,$75,4/17/2018,2018,I,"NYC, UK",
264,Shrug Capital,$3,4/16/2018,2018,I,Bay Area,
265,Cyberstarts VC,$54,4/16/2018,2018,I,Israel,
266,Lerer Hippeau,$150,4/13/2018,2018,VI,NYC,https://www.sec.gov/Archives/edgar/data/1725661/000172566118000001/xslFormDX01/primary_doc.xml
267,Background Capital,$9,4/10/2018,2018,I,Bay Area,
268,Conductive Ventures,$100,4/10/2018,2018,I,Bay Area,
269,Unusual Ventures,$150,4/10/2018,2018,I,Bay Area,
270,Makers Fund,$180,4/4/2018,2018,I,Hong Kong,
271,Congruent Ventures,$92,4/5/2018,2018,I,Bay Area,
272,Firebrand Ventures,$18,4/3/2018,2018,I,"Kansas City, Missouri",https://www.firebrandvc.com/news-announcing-close-of-firebrand
273,Unitus Seed Fund,$13,4/2/2018,2018,II,Seattle,
274,AngelPad,$35,4/2/2018,2018,III,"Bay Area, NYC",
275,Ground Up Ventures,$19,3/30/2018,2018,I,"NYC, Israel",
276,Bedrock Capital,$122,3/27/2018,2018,I,NYC,
277,Harrison Metal Capital,$68,3/26/2018,2018,V,Bay Area,
278,Blockchain Capital,$250,3/22/2018,2018,IV,Bay Area,https://www.axios.com/blockchain-capital-1521650515-db901233-2c86-42f8-b21a-1d1d323e658a.html
279,Casa Verde Capital ,$45,3/13/2018,2018,I,Los Angeles,
280,Anterra Capital,$200,3/21/2018,2018,I,"Boston, Amsterdan ",
281,S Capital,$94,3/20/2018,2018,I,Israel,
282,VentureFriends,$56,3/19/2018,2018,II,Greece,
283,Sofinnova Partners,$154,3/12/2018,2018,IX,"Paris, France",
284,Companion Fund,$100,3/9/2018,2018,I,"NYC, LA, SF",https://companionfund.com/
285,Allegion Ventures,$50,3/9/2018,2018,I,Ireland ,https://www.allegion.com/corp/en/news/2018/allegion-ventures-launch.html
286,VitalizeVC,$16,3/1/2018,2018,I,Chicago,https://t.co/yDIeoH3fFi?amp=1
287,Spero Ventures,$100,3/1/2018,2018,I,Bay Area,https://www.forbes.com/sites/alexkonrad/2018/03/21/omidyar-networks-spins-out-for-profit-spero-ventures
288,Heuristic Capital Partners,$34,2/28/2018,2018,I,Bay Area,
289,Root Ventures,$77,3/1/2018,2018,II,"Bay Area, LA",
290,Berkeley SkyDeck,$24,2/23/2018,2018,I,Bay Area,
291,Boost VC,$39,2/14/2018,2018,III,Bay Area,https://venturebeat.com/2018/02/13/adam-drapers-boost-vc-closes-new-fund-to-become-the-y-combinator-of-sci-fi-startups/
292,True Wealth Ventures,$19,2/14/2018,2018,I,"Austin, Texas",
293,UpWest Labs,$18,2/14/2018,2018,III,"Bay Area, Israel",https://medium.com/upwest-labs/announcing-our-new-fund-upwest-fund-iii-99ab25a4cad9
294,Homebrew,$90,2/12/2018,2018,III,Bay Area,https://homebrewvc.tumblr.com/post/170809955053/announcing-homebrew-iii-finding-our
295,Notation,$27,2/7/2018,2018,II,NYC,https://techcrunch.com/2018/02/07/nyc-based-notation-capital-raises-27-million-for-second-fund/
296,Science Ventures,$75,2/1/2018,2018,II,Los Angeles,https://www.sec.gov/Archives/edgar/data/1698567/000169856718000001/xslFormDX01/primary_doc.xml
297,LDV Capital,$10,2/1/2018,2018,II,NYC,https://www.wsj.com/articles/ldv-capital-raises-seed-fund-for-visual-tech-1517488201
298,Haystack,$23,1/31/2018,2018,IV,Bay Area,
299,Bonfire Ventures,$60,1/30/2018,2018,I,Los Angeles,
300,LRVHealth,$100,1/30/2018,2018,IV,Boston,
301,AI Fund,$175,1/30/2018,2018,I,Bay Area,
302,Loup Ventures,$25,1/23/2018,2018,I,"Minneapolis, US",https://www.americaninno.com/minne/inno-news-minne/ai-focused-firm-loup-ventures-closes-first-fund-at-25m/
303,Sinai Ventures,$90,1/22/2018,2018,I,"Bay Area, NYC, Israel",
304,Catapult,$55,1/18/2018,2018,I,Bay Area,
305,Social Leverage Capital,$39,1/10/2018,2018,III,"San Diego, Bay Area",
306,Sequoia Ventues - Scout Fund,$180,1/18/2018,2018,III,Bay Area,
307,Basis Set Ventures,$140,12/1/2017,2017,I,Bay Area,
308,Precursor Ventures,$15,1/12/2017,2017,I,Bay Area,https://techcrunch.com/2017/01/11/precursor-ventures-is-a-classic-seed-stage-fund-with-a-refreshing-new-twist/
309,1confirmation,$36,12/27/2017,2017,I,Bay Area,https://thecontrol.co/introducing-1confirmation-5fed4099fdc3
310,Fly Ventures,$41,12/21/2017,2017,I,"Berlin, Germany",
311,Hadean Ventures,$118,12/20/2017,2017,I,Norway,
312,Halogen Ventures,$10,12/20/2017,2017,I,Bay Area,
313,Inventure,$130,12/19/2017,2017,III,Finland,https://techcrunch.com/2017/12/19/inventure-2/
314,SeventySix Capital,$10,12/17/2017,2017,I,"Conshohocken, PA, USA",
315,Anzu Partners,$128,12/12/2017,2017,I,"San Diego, CA",
316,Hanaco Venture Capital,$80,12/12/2017,2017,I,Israel,
317,TMT Crypto Fund ,$60,12/6/2017,2017,I,UK,
318,Acceleprise,$7,12/6/2017,2017,II,Bay Area,
319,Viola Fintech,$100,12/6/2017,2017,I,Tel Aviv,https://techcrunch.com/2017/12/06/viola-fintech/
320,CrossCut,$125,12/6/2017,2017,IV,Los Angeles,https://techcrunch.com/2017/12/06/with-the-los-angeles-tech-scene-exploding-crosscut-ventures-raises-125-million-to-invest/
321,Real Ventures,$180,11/30/2017,2017,IV,"Montreal/Toronto, Canada",https://www.theglobeandmail.com/technology/foreign-funds-help-real-ventures-raise-180-million-for-two-new-capital-pools/article37130599/
322,Red & Blue Ventures,$14,12/7/2017,2017,I,Phiiladelphia,
323,Jump Capital,$100,12/7/2017,2017,I,Chicago,
324,NeoTribe Ventures,$114,11/28/2017,2017,I,Bay Area,
325,NFX,$150,11/28/2017,2017,II,"Bay Area, Israel",https://www.nfx.com/post/announcing-the-new-nfx
326,Engineering Capital,$48,11/16/2017,2017,II,Bay Area,
327,Defy Ventures,$151,11/16/2017,2017,I,Bay Area,
328,Maryland Innovation Opportuniy Fund,$25,11/16/2017,2017,I,"Maryland, US",https://technical.ly/baltimore/2017/11/14/maryland-venture-fund-closed-25m-invest-tech-companies/?utm_content=bufferae75f&utm_medium=social&utm_source=twitter.com&utm_campaign=buffer
329,Tusk Ventures,$36,11/3/2017,2017,I,NYC,
330,BioGeneration Ventures,$95,11/2/2017,2017,III,Netherlands,
331,Brighteye Ventures,$58,11/2/2017,2017,I,Luxembourg,
332,Cypress Growth Capital,$42,11/2/2017,2017,III,"Dallas, TX",
333,Viola Ventures (fka Carmel Ventures),$200,11/1/2017,2017,I,Israel,
334,CircleUp Growth Partners,$125,10/31/2017,2017,I,Bay Area,
335,Grove Ventures,$110,10/31/2017,2017,I,Israel,
336,M33 Growth,$180,10/13/2017,2017,I,Boston,
337,KCRise Fund,$19,9/1/2017,2017,I,"Kansas City, MO",
338,Village Global,$100,10/1/2017,2017,I,Bay Area,
339,Weekend Fund,$3,8/29/2017,2017,I,Bay Area,https://techcrunch.com/2017/08/29/weekend-fund-is-ryan-hoovers-3m-angel-fund/
340,Arab Angel Fund,$25,9/15/2017,2017,I,"Abu Dhabi, NYC, Washington DC",
341,Costanoa Ventures,$175,9/14/2017,2017,III,Bay Area,https://techcrunch.com/2017/09/14/costanoa-ventures-raises-175-million-fund/
342,Breakout Ventures,$60,9/14/2017,2017,I,Bay Area,
343,Point Judith Capital,$61,9/13/2017,2017,IV,Boston,targeting $100M fund
344,Insignia Venture Partners,$25,9/13/2017,2017,I,Singapore,
345,Asus,$50,9/13/2017,2017,I,Taiwanese,
346,StageOne Ventures,$110,9/5/2017,2017,III,"Israel, Bay Area",
347,Longevity Fund,$22,8/22/2017,2017,II,Bay Area,https://techcrunch.com/2017/08/22/this-23-year-old-just-closed-her-second-fund-which-is-focused-on-aging-with-22-million/
348,Leap Global Partners,$15,8/18/2017,2017,I,Bay Area,
349,Active Capital,$13,8/18/2017,2017,I,"Austin, Texas",
350,K9 Ventures,$42,8/14/2017,2017,III,Bay Area,https://techcrunch.com/2017/08/14/k9-ventures-sticks-to-its-knitting-closing-its-third-fund-with-42-million/
351,Revel Partners,$21,8/3/2017,2017,II,"NYC, Germany",
352,Rewired,$100,8/3/2017,2017,I,Switzerland,
353,Tracker,$16,8/3/2017,2017,I,Los Angeles,
354,NextView,$50,8/2/2017,2017,III,"Boston, NYC",
355,Elevation Innovation Partners,$15,8/2/2017,2017,I,NYC,
356,Third Prime Capital,$36,8/1/2017,2017,I,"NYC, South Carolina",
357,Amplo,$100,7/26/2017,2017,I,"Bay Area, NYC, Texas",
358,Mangrove Capital Partners,$170,7/19/2017,2017,V,Luxembourg,
359,Qumra Capital,$115,7/19/2017,2017,II,Israel,
360,Moment Ventures,$13,7/18/2017,2017,I,Bay Area,raising $50M
361,Evolution Equity Partners,$125,7/17/2017,2017,I,"NYC, Germany",
362,Babel Ventures,$30,7/11/2017,2017,I,Bay Area,
363,Blackhorn Ventures,$13,7/11/2017,2017,I,"Boulder, Colorado",
364,Crowberry Capial,$40,7/7/2017,2017,I,Iceland,crowberrycapital.com
365,Felix Capital,$150,7/6/2017,2017,II,UK,
366,Main Capital Partners,$114,7/6/2017,2017,V,Netherlands,
367,Breega Capital,$113,7/5/2017,2017,II,France,
368,Cipio Partners,$197,7/5/2017,2017,I,"Germany, Luxembourg",
369,Growth Street Partners,$70,7/3/2017,2017,I,Bay Area,
370,LionBird,$35,6/30/2017,2017,II,Israel,
371,Kairos Ventures,$25,6/29/2017,2017,I,LA,
372,Benhamou Global Ventures,$480,6/28/2017,2017,III,Bay Area,
373,Capnamic Ventures,$131,6/27/2017,2017,I,Germany,
374,Pantera Capital,$24,6/27/2017,2017,I,Bay Area,
375,Ludlow Ventures,$45,6/27/2017,2017,II,Michigan,https://techcrunch.com/2017/06/27/ludlow-ventures-targets-40-million-for-second-fund/
376,Applied Materials (Korea),$20,6/26/2017,2017,I,Korea,
377,TIDE Africa Fund,$40,6/26/2017,2017,I,"Kenya, UK",
378,Intudo Ventures,$10,6/13/2017,2017,I,Indonesia,
379,500 Startups Japan,$35,6/14/2017,2017,I,Japan,
380,Glynn Capital,$153,6/14/2017,2017,V,Bay Area,
381,Hardware Club,$28,6/14/2017,2017,I,Bay Area,
382,MedMen,$60,6/14/2017,2017,I,Los Angeles,
383,Ventureast,$100,6/14/2017,2017,VI,India,
384,Palo Alto Networks Fund,$20,6/14/2017,2017,I,Bay Area,
385,Firstminute Capital,$85,6/12/2017,2017,I,UK,
386,The Geekdom Fund,$20,6/9/2017,2017,II,Texas,
387,Radian Capital,$150,4/21/2017,2017,I,NYC,
388,NRV,$33,6/7/2017,2017,I,"Richmond, Virginia",http://www.richmond.com/business/local/richmond-venture-capital-firm-nrv-raises-million-in-new-investment/article_f8608bf8-ba7e-596e-a763-dd143a248f4a.html
389,Kaszek Ventures,$200,6/5/2017,2017,III,Argentina,
390,Orkila Capital,$118,6/5/2017,2017,II,NYC,
391,Rooks Nest Ventures,$26,6/5/2017,2017,I,UK,
392,First Star,$25,3/3/2017,2017,II,Boston,
393,NextGen Venture Partners,$22,3/3/2017,2017,I,Washington DC,https://techcrunch.com/2017/03/03/nextgen-venture-partners-just-raised-a-22-million-fund-from-83-investors/
394,Serra Ventures,$32,6/1/2017,2017,III,Illinois ,
395,Pentech ,$114,5/24/2017,2017,III,UK,
396,Afore Capital,$47,5/12/2017,2017,I,Bay Area,
397,Peak Ventures,$50,5/9/2017,2017,II,Utah,https://techcrunch.com/2017/05/08/peak-ventures-shores-up-its-second-fund-for-50-million/
398,Dundee Venture Capital,$31,5/7/2017,2017,III,"Omaha, Nebraska / Minneapolis, MN",
399,YL Ventures,$75,5/4/2017,2017,III,"Bay Area, Israel",https://techcrunch.com/2017/05/04/yl-ventures-closes-75-million-fund-to-bring-israeli-startups-to-the-us/
400,Salesforce AppExchange fund,$100,5/3/2017,2017,I,Bay Area,https://venturebeat.com/2017/05/02/salesforce-launches-appexchange-partner-program-and-100-million-platform-fund/
401,Origin Ventures,$80,4/27/2017,2017,IV,"Chicago, Salt Lake City",https://techcrunch.com/2017/04/27/chicagos-origin-ventures-just-raised-80-million-for-its-fourth-fund/
402,SeedPlus,$18,4/25/2017,2017,I,Singapore,
403,YI Capital,$116,4/24/2017,2017,I,China,
404,ENIAC Ventures,$100,4/13/2017,2017,IV,"NYC, Bay Area",
405,Freestyle,$90,4/10/2017,2017,IV,Bay Area,
406,Felix Capital,$55,4/10/2017,2017,II,UK,
407,The Engine,$150,4/6/2017,2017,I,Boston,
408,Forward Ventures,$75,4/5/2017,2017,II,UK,
409,Resolute Ventures,$65,4/4/2017,2017,III,"Bay Area, Boston",
410,Israel Secondary Fund,$100,4/2/2017,2017,II,Israel,
411,Bullish,$7,3/31/2017,2017,I,"NYC, Denver, Conneticut ",
412,Banyan Capital,$25,3/31/2017,2017,IV,China,
413,Medical Technology Venture Partners,$20,3/27/2017,2017,I,Bay Area,
414,SAP.iO,$35,3/23/2017,2017,I,Bay Area,SAP.io
415,Octopus Ventures,$150,3/23/2017,2017,,London,
416,Biomatics Capital Partners,$200,3/15/2017,2017,I,Seattle,
417,Rokk3r Labs,$150,3/14/2017,2017,I,"Miami, Florida",
418,Floodgate,$131,3/11/2017,2017,VI,Bay Area,
419,Blumberg Capital,$200,3/9/2017,2017,IV,"Bay Area, NYC, Israel",
420,Pioneer Capital,$145,3/13/2017,2017,III,New Zealand,
421,Activant Capital,$75,3/13/2017,2017,II,"Connecticut, US",
422,K2 Global,$183,2/24/2017,2017,I,Bay Area,https://techcrunch.com/2017/02/23/k2-globals-183-million-fund-aims-to-decentralize-sand-hill-road/
423,Betaworks Ventures,$50,2/22/2017,2017,I,NYC,https://www.axios.com/pro-rata-2276639552.html
424,Vanedge Capital,$161,2/24/2017,2017,II,"Vancover, Canada",http://www.theglobeandmail.com/report-on-business/vanedge-capital-closes-largest-bc-venture-capital-fund-in-13-years/article34130224/
425,Project A,$147,2/22/2017,2017,II,Germany,
426,TrueBridge Capital Partners,$125,2/22/2017,2017,I,"North Carolina, US",
427,Cervin Ventures,$56,2/17/2017,2017,I,Bay Area,https://techcrunch.com/2017/02/16/cervin-ventures-unveils-new-56m-fund-aimed-at-the-future-of-the-enterprise-stack/
428,Fika Ventures,$40,2/15/2017,2017,I,Los Angeles,
429,Green Bay Ventures,$130,2/10/2017,2017,I,Bay Area,
430,Frontline Ventures ,$64,2/10/2017,2017,II,London,
431,Third Kind Ventures,$44,2/10/2017,2017,I,NYC,
432,FirstTime,$40,2/10/2017,2017,II,Israel,
433,Promus Ventures,$15,2/10/2017,2017,II,Chicago,
434,Grab Ventures,$100,2/10/2017,2017,I,Singapore,Corp VC fund of Grab Taxi
435,Amplify Ventures,$10,1/30/2017,2017,III,Los Angeles,
436,Correlation Ventures,$200,1/11/2017,2017,II,"Bay Area, San Diego, NYC",https://www.prnewswire.com/news-releases/correlation-ventures-raises-an-oversubscribed-200m-second-fund-300389254.html
437,Nyca Partners,$125,1/27/2017,2017,II,NYC,http://www.bizjournals.com/newyork/news/2017/01/27/nyca-partners-unveils-details-on-its-latest.html
438,Merus Capital,$85,1/24/2017,2017,III,Bay Area,
439,Flyover Capital,$46,1/3/2017,2017,I,Kansas,
440,Core Innovation Capital,$72,1/3/2017,2017,II,"Los Angeles, Bay Area",
441,Corrleation Ventures,$200,1/12/2017,2017,II,"San Diego, CA",
442,SOSV Investments,$150,1/4/2017,2017,III,Ireland ,
443,Eclipse Ventures,$184,1/12/2017,2017,II,Bay Area,
444,PivotNorth,,1/9/2017,2017,III,Bay Area,fund size not disclosed but likely sub $100M based on previous funds
445,Hatteras Ventures Partners,$150,1/6/2017,2017,V,"Durham, North Carolina",
446,Samsung NEXT,$150,1/5/2017,2017,I,Bay Area,
447,Digitalis Ventures,$100,1/5/2017,2017,I,NYC,
448,Marathon Venture Capital,$40,1/1/2017,2017,I,Greece,
449,Laconia,$13,1/1/2017,2017,II,NYC,
450,Firebank Ventures,$7,1/5/2017,2017,I,"Kansas City, MO",
451,Backstage Capital,$5,12/1/2016,2016,I,Bay Area,
452,BlueYard Capital,$120,1/4/2016,2016,I,"Berlin, Germany",http://techcrunch.com/2016/01/04/blueyard-capital/
453,GoAhead Ventures,$55,12/23/2016,2016,I,Bay Area,
454,SignalFire,$101,12/23/2016,2016,II,Bay Area,
455,Algebra Ventures,$40,12/23/2106,2016,I,Egypt,
456,Palm Beach Capital,$49,12/9/2016,2016,IV,"Palm Beach, Fl",https://www.sec.gov/Archives/edgar/data/1660491/000166049116000002/xslFormDX01/primary_doc.xml
457,Domain Associates,$163,12/9/2016,2016,IX,"San Diego, CA",https://www.sec.gov/Archives/edgar/data/1628864/000162886416000002/xslFormDX01/primary_doc.xml
458,Bullpen Capital,$75,12/2/2016,2016,III,Bay Area,
459,Founder Collective,$75,11/30/2016,2016,III,"Bay Area, Boston",https://medium.com/@foundercollective/announcing-founder-collective-iii-6fad299bb2b1#.f6zxrrf79
460,Draper Nexus,$175,11/23/2016,2016,II,"Bay Area, Japan",per Term Sheet
461,Caffeinated Capital,$17,11/23/2016,2016,I,Bay Area,$75M target - per Term Sheet
462,SV Angel,$53,11/23/2016,2016,VI,Bay Area,SEC filing - per Term Sheet
463,Slow Ventures,$145,11/18/2016,2016,III,Bay Area,https://techcrunch.com/2016/11/17/slow-ventures-launches-a-new-145m-fund-and-adds-scott-marlette-as-a-partner/
464,The House Fund,$6,11/16/2016,2016,I,"Berkeley, California",http://www.7x7.com/uc-berkeleys-the-house-raises-6m-to-incubate-student-start-ups-2078250174.html
465,BoldStart Ventures ,$47,11/15/2016,2016,III,NYC,https://techcrunch.com/2016/11/15/boldstart-ventures-locks-down-47-million-for-fund-three/
466,WME Ventures,$50,11/14/2016,2016,I,NYC,http://www.forbes.com/sites/alexkonrad/2016/11/14/beth-ferreira-and-wme-ventures-match-startups-with-talent/#529d612437dd
467,SJF Ventures,$74,11/4/2016,2016,IV,"Durham, North Carolina",
468,Relay Ventures,$150,11/4/2016,2016,III,"Bay Area, Toronto",
469,Campire Capital,$41,10/31/2016,2016,I,"Vancover, Canada",http://www.bctechnology.com/news/2016/10/21/Vancouver-based-Venture-Capital-Firm-Campfire-Capital-Closes-41.1-Million-Venture-Capital-Fund.cfm?id=36669
470,Chicago Ventues,$66,10/31/2016,2016,II,Chicago,http://www.chicagotribune.com/bluesky/originals/ct-chicago-ventures-66-million-second-fund-bsi-20161031-story.html
471,Javelin Venture Partners,$125,10/26/2016,2016,IV,Bay Area,https://techcrunch.com/2016/10/26/javelin-venture-partners-just-closed-its-fourth-fund-with-125-million/
472,Questa Capital,$100,10/24/2016,2016,I,Bay Area,"1st close was $100M, target is $250M"
473,Initialized Capital,$115,10/24/2016,2016,I,Bay Area,http://initialized.com/initializing-initialized-capital-dot-dot-dot
474,HealthX Ventures,$20,10/21/2016,2016,I,"Wisconsin, US",http://www.healthxventures.com/news/2016/10/2/healthx-ventures-closes-flagship-fund-of-more-than-20-million
475,Sound Ventures,$130,10/19/2016,2016,I,LA,"via Recode (early and growth stage funds, early stage fund is single LP Live Nation and growth stage fund is single LP Liberty"
476,Bowery Capital,$60,10/19/2016,2016,II,NYC,via Term Sheet
477,BioVentures Investors,$87,10/10/2016,2016,IV,Boston,http://www.businesswire.com/news/home/20161007005588/en/BioVentures-Investors-LLC-Closes-Fund-IV-87
478,Compound,$50,10/5/2016,2016,I,NYC,http://www.forbes.com/sites/alexkonrad/2016/10/05/metamorphic-ventures-rebrands-as-compound-with-new-fund/
479,Zetta Venture Partners,$100,10/5/2016,2016,II,Bay Area,http://www.forbes.com/sites/alexkonrad/2016/10/04/zetta-venture-partners-raises-100-million-for-intelligent-enterprise-software/#133c9096ca28
480,Information Venture Partners,$82,10/1/2016,2016,II,"Toronto, Canada",
481,Aleph,$180,9/26/2016,2016,II,Israel,
482,Benhamou Global Ventures,$38,9/16/2016,2016,III,Bay Area,https://www.pehub.com/2016/09/benhamou-global-ventures-has-first-close-on-75-mln-third-fund/
483,Rittenhouse Ventures,$18,9/22/2016,2016,II,"Philadelphia, USA",http://technical.ly/philly/2016/09/22/rittenhouse-ventures-closed-fund-ii
484,Elephant Partners,$156,9/22/2016,2016,I,"NYC, Boston",https://www.pehub.com/2016/09/elephant-partners-closes-initial-fund-at-over-156-mln/
485,s28 Capital,$170,9/20/2016,2016,I,Bay Area,
486,First Round Capital,$175,9/8/2016,2016,VI,"Bay Area, NYC, Philly",http://fortune.com/2016/09/08/first-round-capital-says-goodbye-to-co-founder-hello-to-new-fund/
487,MissionOG,$35,2/9/2016,2016,I,"Philadelphia, USA",http://www.phillymag.com/business/2016/02/09/missionog-35-million/
488,Long Ventures Partners,$20,9/5/2016,2016,I,Bay Area,"targeting $50M, have $20M already commited - http://fortune.com/2016/09/06/theres-a-new-ai-focused-vc-fund-in-silicon-valley/"
489,Bryant Stibel,$100,8/22/2016,2016,I,LA,http://www.wsj.com/articles/kobe-bryant-and-jeff-stibel-unveil-100-million-venture-capital-fund-1471838403
490,Brooklyn Bridge Ventures,$15,8/22/2016,2016,II,NYC,http://www.forbes.com/sites/alexkonrad/2016/08/22/charlie-odonnell-raises-15-million-fund/#338023466dab
491,Pear,$75,8/16/2016,2016,II,Bay Area,https://techcrunch.com/2016/08/16/pejman-mar-rebrands-as-it-unveils-a-75-million-new-fund/
492,KEC Ventures,$65,8/16/2016,2016,II,NYC,http://www.wsj.com/articles/kec-ventures-closes-on-65m-early-stage-fund-1471037718
493,Susa Ventures,$50,8/16/2016,2016,II,Bay Area,http://www.businesswire.com/news/home/20160816005355/en/Susa-Ventures-Closes-50M-Fund
494,Binary Capital,$175,8/1/2016,2016,II,Bay Area,https://techcrunch.com/2016/08/01/binary-capital/?ncid=rss
495,500 Istanbul,$15,7/21/2016,2016,I,Turkey,
496,Liquid 2 Ventures,$40,7/6/2016,2016,II,Bay Area,https://www.pehub.com/2016/07/nfl-hall-of-famer-joe-montanas-inaugural-venture-fund-targets-40-mln/
497,Forerunner Ventures,$122,7/5/2016,2016,III,Bay Area,https://www.sec.gov/Archives/edgar/data/1677697/000167769716000001/xslFormDX01/primary_doc.xml
498,Bloomberg Beta,$75,7/1/2016,2016,II,"NYC, Bay Area",
499,SaaStr Fund,$70,6/28/2016,2016,I,Bay Area,
500,Bee Partners,$30,6/28/2016,2016,II,Bay Area,
501,Union Square Ventures,$175,6/22/2016,2016,V,NYC,http://avc.com/2016/06/usv-2016/
502,Commerce Ventures,$26,6/13/2016,2016,II,Bay Area,1st close per SEC
503,Underscore,$85,6/9/2016,2016,I,Boston,http://www.xconomy.com/boston/2016/06/06/underscore-vc-looks-to-align-boston-tech-community-with-startups/#
504,Sherpa Ventures,$172,6/9/2016,2016,II,Bay Area,
505,Softtech VC,$100,6/8/2016,2016,V,Bay Area,http://techcrunch.com/2016/06/08/softtech-vc-closes-its-fifth-fund-with-100-million-raises-50-million-opportunity-fund/
506,"Softtech VC ""breakout"" ",$50,6/8/2016,2016,I,Bay Area,http://techcrunch.com/2016/06/08/softtech-vc-closes-its-fifth-fund-with-100-million-raises-50-million-opportunity-fund/
507,Greenspring Associates,$200,6/3/2016,2016,II,"Maryland, US",http://finance.yahoo.com/news/greenspring-associates-raises-200-million-110000236.html
508,Moneta Ventures,$25,6/2/2016,2016,II,"Sacramento, CA, US",http://techcrunch.com/2016/06/02/a-micro-vc-firm-in-sacramento-raises-a-fast-second-fund/
509,Romulus Capital,$75,6/1/2016,2016,III,Boston,http://www.forbes.com/sites/alexkonrad/2016/06/01/how-romulus-capital-built-a-150-million-firm/#535ebd0126d1
510,Clear Ventures,$120,6/1/2016,2016,I,Bay Area,http://techcrunch.com/2016/06/01/clear-ventures-run-by-veteran-investors-launches-debut-fund-with-120-million/
511,Chrysalix Venture Capital,$111,5/31/2016,2016,I,Canada,https://www.biv.com/article/2016/5/chrysalix-focusing-robots-new-146-million-fund/
512,iNovia,$120,1/20/2016,2016,IV,Canada,http://www.wsj.com/articles/canadas-inovia-capital-raises-c-175-million-for-new-venture-capital-fund-1453319996
513,Indie.vc,$30,5/31/2016,2016,II,Utah,http://www.wsj.com/articles/venture-capital-and-its-discontents-1464667261
514,State of Mind Ventures,$75,5/27/2016,2016,I,Israe,http://www.haaretz.com/israel-news/business/1.721164
515,Data Collective,$175,5/27/2016,2016,IV,Bay Area,
516,Backed,$60,5/25/2016,2016,I,UK,
517,WI Harper,$175,5/17/2016,2016,VIII,"Bay Area, China",
518,Refactor Capital,$50,5/10/2016,2016,I,Bay Area,https://www.crunchbase.com/organization/refactor-capital
519,Designer Fund,$20,5/3/2016,2016,I,Bay Area,http://techcrunch.com/2016/05/03/designer-fund-which-backs-startups-with-designers-on-their-founding-teams-has-raised-20-million/
520,Felicis Ventures,$200,4/21/2016,2016,V,Bay Area,http://techcrunch.com/2016/04/21/felicis-ventures-closes-on-200-million-roughly-double-its-last-fund/
521,Draper Associates,$190,4/11/2016,2016,I,Bay Area,
522,Altos Ventures Korea Fund,$110,3/24/2016,2016,II,"Bay Area, Korea",
523,Upside Partnership,$44,3/21/2016,2016,II,Bay Area,
524,Union Square Ventures,$175,3/18/2016,2016,IV,NYC,per SEC and Fortune 
525,Contour Venture Partners,$56,3/16/2016,2016,III,NYC,https://www.pehub.com/2016/03/new-york-based-contour-raises-81-mln-for-two-funds/
526,Mucker Capital,$45,3/9/2016,2016,III,Los Angeles,http://techcrunch.com/2016/03/09/mucker-capital-closes-on-45-million-for-an-early-stage-la-based-fund/
527,Tribeca Venture Partners,$117,2/26/2016,2016,II,NYC,http://tribecavp.com/announcing-tribeca-venture-partners-fund-ii/
528,TLV Partners,$115,2/24/2016,2016,I,Tel Aviv,
529,1955 Capital,$200,2/24/2016,2016,I,Bay Area,
530,Super Ventures,$10,2/15/2016,2016,I,Bay Area,VR focused fund
531,Courtside Ventures,$35,1/11/2016,2016,I,"NYC, Detroit",
532,Sierra Ventures,$170,1/4/2016,2016,XI,Bay Area,
533,White Star Capital,$70,11/1/2015,2015,I,"NYC, UK, Montreal",
534,Greycroft Partners,$200,11/1/2015,2015,IV,"NYC, LA",https://medium.com/@greycroftvc/ten-years-and-counting-51b7901b8a1c#.t0n04flef
535,Lerer Hippeau Ventures,$113,11/1/2015,2015,V,NYC,http://blogs.wsj.com/venturecapital/2015/11/19/lerer-hippeau-fund-v-hits-113m-as-new-york-tech-heats/
536,AH Bio Fund,$200,11/1/2015,2015,I,Bay Area,http://techcrunch.com/2015/11/18/andreessen-horowitz-gets-a-new-gp-and-a-new-fund/
537,Ameba Capital,$157,11/1/2015,2015,II,China,
538,Router Ventures,$1,11/1/2015,2015,I,"Omaha, Nebraska, USA",http://siliconprairienews.com/2015/11/router-ventures-has-raised-a-1-million-fund-so-far/
539,Brooklyn Bridge Ventures,$13,11/1/2015,2015,II,NYC,http://techcrunch.com/2015/11/15/brooklyn-bridge-ventures-approaches-15-million-target-for-second-fund/
540,Open Ocean,$100,11/1/2015,2015,I,Finland,http://techcrunch.com/2015/11/10/open-ocean-fund/
541,B-to-v Partners,$70,10/1/2015,2015,III,Germany,
542,Acton Capital Partners,$200,10/1/2015,2015,II,Germany,
543,Reach Capital,$53,10/1/2015,2015,I,Bay Area,
544,Progress Ventures,$20,10/1/2015,2015,III,"Boston, MA",
545,S2G Ventures,$125,10/1/2015,2015,I,Chicago,http://blogs.wsj.com/venturecapital/2015/10/20/new-food-and-agriculture-fund-s2g-ventures-launches-with-125-million/
546,Cloud Apps Capital Partners,$54,9/1/2015,2015,I,Bay Area,
547,TenOneTen,$18,9/1/2015,2015,I,Los Angeles,http://blogs.wsj.com/venturecapital/2014/08/29/tenoneten-founders-go-from-creating-startups-to-investing-in-them/
548,Draper Associates,$50,9/1/2015,2015,V,Bay Area,SEC
549,Amplify Partners,$150,9/1/2015,2015,II,Bay Area,
550,500 Startups,$85,9/1/2015,2015,III,Bay Area,http://blogs.wsj.com/venturecapital/2015/09/04/after-bumpy-road-500-startups-closes-fund-iii-with-85m/
551,IDG Ventures,$120,9/1/2015,2015,III,Bay Area,http://techcrunch.com/2015/08/31/idg-ventures-closes-on-120-million-for-its-third-fund/
552,BoldStart Ventures,$20,7/1/2015,2015,III,NYC,http://blogs.wsj.com/venturecapital/2015/07/24/boldstart-nails-20m-toward-new-seed-fund-as-new-york-enterprise-software-sector-matures/
553,Constanoa Venture Capital,$135,7/1/2015,2015,II,Bay Area,
554,CrossCut Ventures,$75,6/1/2015,2015,III,Los Angeles,http://fortune.com/2015/06/23/la-venture-firm-crosscut-raises-75-million-for-third-fund/?xid=soc_socialflow_facebook_FORTUNE
555,Intel Capital Diversity Fund,$125,6/1/2015,2015,I,Bay Area,http://blogs.wsj.com/venturecapital/2015/06/09/intel-capital-creates-125m-fund-for-women-minority-led-startups/
556,Passion Capital,$69,5/2015,2015,II,UK,http://techcrunch.com/2015/05/28/passion-capital-fund-2/
557,Collaborative Fund,$65,5/2015,2015,III,NYC,http://pevc.dowjones.com/Article?an=DJFVW00120150512eb5crmorn&ReturnUrl=http%3a%2f%2fpevc.dowjones.com%2fArticle%3fan%3dDJFVW00120150512eb5crmorn
558,Obvious Ventures,$123,5/2015,2015,I,Bay Area,http://venturebeat.com/2015/05/21/ev-williams-obvious-ventures-closes-123456789-round/
559,Valar,$1,5/21/2015,2015,II,NYC,
560,Formation 8 hardware fund,$100,5/2015,2015,I,Bay Area,
561,Twilio Fund,$50,5/2015,2015,I,Bay Area,http://recode.net/2015/05/20/twilio-launches-50-million-development-fund/
562,Aspect Ventures,$150,5/2015,2015,I,Bay Area,http://aspectventures.com/aspect-ventures-raises-150-million-for-first-fund/
563,Storm Ventures,$180,5/2015,2015,V,Bay Area,http://techcrunch.com/2015/05/08/storm-ventures-locks-down-180m-for-its-new-fund/
564,Slow,$65,4/2015,2015,IV,Bay Area,https://medium.com/@slow/announcing-slow-4-c70cf1b85ba6
565,Illuminate,$30,4/2015,2015,II,Bay Area,raising Fund II per SEC filing
566,Playground Global,$48,4/2015,2015,I,Bay Area,hardware accelerator - http://fortune.com/2015/04/06/ex-google-exec-andy-rubin-raises-48-million-for-hardware-incubator/
567,HWVP,$105,4/2015,2015,VII,Bay Area,http://www.strictlyvc.com/2015/04/06/hummer-winblad-reboots/
568,Freestyle,$60,4/2015,2015,III,Bay Area,http://techcrunch.com/2015/04/02/freestyle-capital-locks-down-60m-for-its-third-fund-adds-jenny-lefcourt-as-its-third-partner/
569,Structure Capital,$50,3/2015,2015,II,Bay Area,"raised $50M, not closed"
570,Ignition Partners,$200,3/2015,2015,VII,Seattle,"raising up to $200M, not clear if has closed yet"
571,Zetta Venture Partners,$60,3/2015,2015,I,Bay Area,
572,Engineering Capital,$32,2/2015,2015,I ,Bay Area,http://blogs.wsj.com/venturecapital/2015/02/24/venture-firm-engineering-capital-emerges-with-32-million-fund/
573,Notation Capital,$8,2/2015,2015,I ,NYC,
574,Homebrew Ventures,$50,2/2015,2015,II,Bay Area,
575,Homebrew Ventures,$35,2/2015,2015,Opp Fund,Bay Area,"opportunity fund, doing pro-rata in existing portfolio companies"
576,Aligned Partners,$50,2/2015,2015,II,Bay Area,
577,Crosslink Capital,$170,2/2015,2015,VII,Bay Area,http://venturebeat.com/2015/02/05/crosslink-closes-new-seed-stage-fund-with-170m-in-capital/
578,83North,$200,1/2015,2015,I,"Israel, UK",ex Greylock Israel team
579,Cendana Co-Investment Fund,$40,1/2015,2015,I,Bay Area,https://www.pehub.com/2015/01/august-aspect-blumberg-to-raise-money-cendana-get-another-40-mln/
580,Tullis Growth Fund,$21.4,1/2015,2015,I,Florida,https://www.pehub.com/2015/01/august-aspect-blumberg-to-raise-money-cendana-get-another-40-mln/
581,Kickstart Fund,$39,1/2015,2015,III,Utah,http://tech.co/kickstart-seed-fund-iii-2015-01
582,Techstars Ventures,$150,1/2015,2015,III,"Boulder, Colorado",
583,Sofia Fund,$4,1/2015,2015,II,"Minnesota, USA",http://strib.mn/1y5HFi9
584,ENIAC Ventures,$55,1/2015,2015,III,NYC,http://techcrunch.com/2015/01/22/eniac-ventures-third-fund/
585,Laconia,$5,1/2015,2015,I,NYC,
586,Tandem,$100,1/2015,2015,III,Bay Area,http://tandemcap.com/2015/01/15/tandem-completes-new-100-million-investment-fund/
587,V1.vc,$5,1/1/2018,2018,I,"Boulder, Colorado",
588,Zelkova Ventures,$13,1/1/2015,2015,II,NYC,
589,Moneta Ventures,$25,2/19/2015,2015,I,"Sacramento, CA, US",https://www.pehub.com/2015/02/moneta-ventures-fund-i-raises-25-mln/
590,Apertue Venture Partners,$50,1/2015,2015,III,NYC,
591,Data Collective,$125,12/2014,2014,I,Bay Area,Opportunity Fund
592,Cowboy Ventures,$57,12/2014,2014,II,Bay Area,http://blogs.wsj.com/venturecapital/2014/12/29/kleiner-perkins-veteran-has-the-reins-at-seed-firm-cowboy-ventures/
593,First Round Capital,$175,6/2014,2014,V,"Bay Area, NYC, Philly",http://blogs.wsj.com/venturecapital/2014/06/26/first-round-capital-gathers-175m-for-fifth-fund/?mod=WSJBlog
594,Jaquar Ventures,$10.0,12/1/2014,2014,I,"Mexico City, Buenos Aires ",
595,Primary Venture Partners,$30.0,4/2014,2014,I,NYC,1st close - $60M target - http://pevc.dowjones.com/article?an=DJFVW00120141217eachqux8m&from=alert&pid=22&ReturnUrl=http%3a%2f%2fpevc.dowjones.com%2farticle%3fan%3dDJFVW00120141217eachqux8m%26from%3dalert%26pid%3d22
596,xFund,$100,12/2014,2014,II,"Boston, Bay Area",http://techcrunch.com/2014/12/04/harvard-based-xfund-closes-a-100m-second-fund/
597,Cendana Capital,$50,12/2014,2014,II,Bay Area,Fund of Funds
598,Golden Ventures Partners,$40,11/2014,2014,II,"Toronto, Canada",https://medium.com/@mattgoldenvp/golden-venture-partners-ii-d81c3cd0db60
599,Unshackled,$3.5,11/2014,2014,I,Bay Area,http://blogs.wsj.com/venturecapital/2014/11/13/unshackled-a-new-angel-fund-forms-to-back-immigrant-entrepreneurs/?mg=blogs-wsj&url=http%253A%252F%252Fblogs.wsj.com%252Fventurecapital%252F2014%252F11%252F13%252Funshackled-a-new-angel-fund-forms-to-back-immigrant-entrepreneurs
600,Female Founders Fund (FCubed),$5,11/2014,2014,I,NYC,
601,Two Sigma Ventures,$150,11/18/2014,2014,II,NYC,
602,Indicator Ventues,$16,11/12/2014,2014,I,"Boston, NYC, Bay Area",
603,Common Angels,$27,10/2014,2014,IV,Boston,http://www.xconomy.com/boston/2014/10/14/commonangels-ventures-closes-26-5m-fund-in-shifting-vc-landscape/
604,Ludlow Ventures,$15,10/2014,2014,I,Detroit,
605,Akkadian Ventures,$75,10/2014,2014,III,Bay Area,
606,Peak Ventures,$23,10/2014,2014,I,Utah,http://venturebeat.com/2014/09/08/peak-ventures-launches-23-million-venture-capital-fund-for-tech-startups/
607,Founder Circle,$195,10/2014,2014,I,Bay Area,
608,Version One Ventures,$35,10/2014,2014,II,"Vancover, Canada",
609,Carmel Ventures,$194,10/2014,2014,IV,Israel,
610,OS Fund,$100,10/2014,2014,I,DC,
611,Shenzhen Co-Win Venture Capital,$75,10/2014,2014,I,China,
612,Causeway Media Partners,$125.6,10/2014,2014,I,Boston,
613,Forbion Capital Partners,$116,10/2014,2014,,Netherlands,
614,Industry Ventures,$170,9/2014,2014,,Bay Area,
615,Magma,$150,9/2014,2014,IV,Israel,http://blogs.wsj.com/digits/2014/09/29/israeli-vc-firm-behind-apps-sold-to-google-facebook-raises-150-mln-fund/
616,Craftsman Capital Partners,$40,9/2014,2014,I,"Dallas, Texas",
617,Draper Nexus,$29.3,9/2014,2014,II,"Tokyo, Bay Area",
618,Mosaic Ventures,$140,9/2014,2014,I,London,http://www.mosaicventures.com/
619,Aglaia Oncology Fund,$65,9/2014,2014,II,Netherlands,
620,Nova Founders Capital,$50,9/2014,2014,I,Hong Kong,
621,Altos Ventures,$60,9/2014,2014,I,"Bay Area, Korea",http://fortune.com/2014/09/18/exclusive-silicon-valley-vc-firm-bets-big-on-korea/
622,Frontline Ventures ,$50,9/2014,2014,I,Ireland , http://www.frontline.vc/blog/frontline-raises-e40m-maiden-fund/
623,DN Capital,$200,9/2014,2014,III,London and Bay Area,http://techcrunch.com/2014/09/02/dn-capital-raises-200m-for-3rd-european-fund-as-euro-tech-resurges/
624,Ribbit Capital,$125,8/2014,2014,II,Bay Area,http://www.sec.gov/Archives/edgar/data/1603636/000160363614000002/xslFormDX01/primary_doc.xml
625,Felicis Ventures,$94,7/2014,2014,IV,Bay Area,http://venturebeat.com/2014/08/05/felicis-ventures-closes-new-96m-fund-vows-to-always-vote-with-founders-in-board-decisions/
626,Binary,$125,7/2014,2014,I,Bay Area,http://dealbook.nytimes.com/2014/07/28/new-venture-fund-binary-capital-focuses-on-mission-not-just-metrics/?_php=true&_type=blogs&_r=0
627,Line (JV with Collaborative Fund),$10,7/2014,2014,I,NYC,JV with Collaborative Fund - http://dealbook.nytimes.com/2014/07/18/line-of-japan-teams-with-new-york-venture-fund-to-make-investments/?_php=true&_type=blogs&_r=0
628,Sherpa,$154,7/2014,2014,I,Bay Area,http://www.forbes.com/sites/alexkonrad/2014/07/17/sherpa-ventures-closes-fund-to-find-next-uber/
629,NextView Ventures,$40,7/2014,2014,II,"Boston, NYC",http://robgo.org/2014/07/17/announcing-nextview-ventures-ii/
630,Seedcamp,$28,7/2014,2014,III,London,http://techcrunch.com/2014/07/15/seedcamps-3rd-fund-hits-first-close-of-28m-to-scale-startups-globally/
631,Santander,$100,7/2014,2014,I,London,http://startups.co.uk/santander-to-launch-100m-fintech-fund/
632,Upside Partnership,$30,7/2014,2014,I,Bay Area,http://techcrunch.com/2014/07/10/kent-goldman-upside-partnership/
633,137 Ventures ,$137,7/2014,2014,II,Bay Area,http://techcrunch.com/2014/07/09/137-ventures-fund-ii/
634,Procyon Ventures,$10,7/1/2014,2014,I,Boston,
635,Susa Ventures,$25,6/2014,2014,I,"Los Angeles, Bay Area, NYC",http://techcrunch.com/2014/06/30/susa-ventures-fund/
636,SoftTechVC,$85,6/2014,2014,IV,Bay Area,http://www.prweb.com/releases/SoftTechvc/FundIV/prweb11978828.htm
637,Danhua Capital,$91.2,6/2014,2014,I,Bay Area,http://venturebeat.com/2014/06/17/sec-form-reveals-a-new-stanford-vc-fund-is-raising-91-2m/
638,Lerer Hippeau Ventures,$62,6/2014,2014,IV,NYC,http://www.pehub.com/2014/06/digital-media-focused-lerer-closing-in-on-fund-iv-vcj
639,Greycroft Growth,$200,6/2014,2014,I,NYC,http://www.pehub.com/2014/06/greycroft-grabs-200-mln-for-growth-fund/
640,Bull City Venture Partners,$26,6/2014,2014,I,"Durham, North Carolina",http://www.thestate.com/2014/06/16/3511172/durham-venture-capital-firm-raises.html
641,Romulus Capital,$50,6/2014,2014,I,Boston,http://bostinno.streetwise.co/2014/06/04/romulus-capital-fund-26-year-old-mit-alum-raises-50-million-for-his-own-venture-firm/
642,Lowercase,$40,6/2014,2014,III,Los Angeles,http://techcrunch.com/2014/06/10/lowercase-capital-is-raising-a-new-25m-fund/
643,Valar,$32,5/22/2014,2014,I,NYC,
644,BlueRun Ventures,$140,5/30/2014,2014,V,Bay Area,
645,Lightstone Ventures,$172,5/2014,2014,I,Bay Area,http://www.xconomy.com/boston/2014/05/01/lightstone-closes-172m-fund-for-early-stage-biotechs/
646,Merus Capital,$43,4/2014,2014,II,Bay Area,http://blogs.wsj.com/venturecapital/2014/04/23/merus-capital-closes-second-fund-raises-special-fund-to-back-adroll/?mod=WSJBlog
647,Fuel Capital,$25.3,4/2014,2014,I,Bay Area,per SEC filing
648,MHS Capital,$75,4/2014,2014,II,Bay Area,http://finance.fortune.cnn.com/2014/04/16/exclusive-mhs-capital-almost-done-raising-new-fund/
649,Crystal Tech Fund,$50,4/2014,2014,I,Washington D.C.,http://www.washingtonpost.com/business/on-small-business/500-startups-singh-launches-venture-fund-in-crystal-city-targets-post-seed-firms/2014/04/09/a3787e00-c010-11e3-b574-f8748871856a_story.html
650,Real Ventures,$50,4/2014,2014,III,"Montreal, Canada",targeting $100M http://www.techvibes.com/blog/real-ventures-closes-50-million-of-newest-fund-2014-04-14
651,Pejman Mar Ventures,$40,4/2014,2014,I,Bay Area,http://tech.fortune.cnn.com/2014/04/03/veteran-angel-raises-new-40-million-venture-fund/
652,Rise Capital,$100,4/2014,2014,I,Bay Area,http://blogs.wsj.com/venturecapital/2014/03/31/rise-capital-raising-100m-maiden-fund-for-startups-in-emerging-markets/
653,Alsop Louie,$100,4/2014,2014,III,Bay Area,http://www.sec.gov/Archives/edgar/data/1584654/000158465414000001/xslFormDX01/primary_doc.xml
654,Expa,$50,3/2014,2014,I,Bay Area,http://techcrunch.com/2014/03/14/expa-50-million/
655,Metamorphic Ventures,$70,3/2014 ,2014,II ,NYC,http://www.metamorphic.vc/metamorphic-ventures-closes-second-fund-just-shy-of-70-million/
656,Data Collective,$125,3/2014,2014,III,Bay Area,http://techcrunch.com/2014/03/31/with-a-focus-on-big-data-startups-data-collective-redefines-thematic-investing-and-debuts-its-third-fund/?fb_action_ids=10152365944314810&fb_action_types=og.likes
657,Lemnos Labs,$20,3/2014,2014,I,Bay Area,http://techcrunch.com/2014/03/26/lemnos-labs-20m/
658,Maiden Lane,$20,3/2014,2014,I,Bay Area,http://finance.fortune.cnn.com/2014/03/13/maiden-lane-angellist-syndicates/
659,BoldStart Ventures,$16.9,3/2014,2014,II,NYC,per SEC filing
660,Alpha Ventures Partnes,$10,3/2014,2014,I,NYC,"$10M first close, $20M target"
661,Deep Fork Capital,$30,2/2014,2014,II,"Bay Area, NYC",http://www.sec.gov/Archives/edgar/data/1600651/000160065014000001/xslFormDX01/primary_doc.xml
662,MuckerLab,$20,2/2014,2014,I,Los Angeles,http://techcrunch.com/2014/02/13/muckerlab-launches-new-20-million-seed-fund/?ncid=twittersocialshare
663,Vayner/RSE,$25,2/2014,2014,I,NYC, http://recode.net/2014/02/12/gary-vaynerchuk-launches-new-25-million-seed-fund/
664,Collaborative Fund,$33,2/2014,2014,II,"NYC, Bay Area",http://techcrunch.com/2014/02/26/collaborative-fund-33m-jay-kim/
665,Capital Partners,$51,2/2014,2014,I,Bay Area,"sole GP, Ronny Conway (son of Ron Conway) - http://techcrunch.com/2014/02/14/ronny-conway-closes-his-over-51-million-early-stage-fund/"
666,Kaszek Ventures,$135,2/2014,2014,II,Argentina and Brazil,http://dealbook.nytimes.com/2014/02/07/latin-america-venture-capital-fund-raises-new-135-million-fund/?_php=true&_type=blogs&smid=tw-dealbook&seid=auto&_r=0
667,IDG,$65,2/2014,2014,III,Bay Area,http://www.vcpost.com/articles/21791/20140221/san-franciscos-idg-ventures-raising-100m-for-third-fund.htm
668,Arthur Ventures,$65.0,1/1/2014,2014,II,US (Minneapolis and North Dakota), 
669,Brooklyn Bridge Ventures,$8.3,1/2014,2014,I,NYC, 
670,ff VC,$52,1/2014,2014,III,NYC,
671,Inventus Capital Partners,$106,1/2014,2014,II,"India, US",
672,Resolute Ventures,$50,1/1/2014,2014,II,"Boston, Bay Area",
673,Stage One Venture Capital,$65,1/2/2014,2014,II,Israel,
674,Union Square Ventures,$200,1/2014,2014,IV,NYC,unconfirmed - per Fortune article
675,Union Square Ventures Opportunity,$150,1/2014,2014,II,NYC,unconfirmed - per Fortune article
676,ENIAC Ventures,$12.9,9/2013,2013,II,NYC,
677,Javelin Venture Partners,$125,11/2013,2013,III,Bay Area,"investrs across the country, strong ties to NY and Boston"
678,Amplify.LA,$8.1,11/2013,2013,II,Los Angeles,
679,Freestyle,$40,9/2013,2013,II,Bay Area,
680,Noro-Moseley Partners,$47,9/2013,2013,VII,Virginia,
681,Canvas Fund,$175,9/2013,2013,I,Bay Area,was previously Morgenthaler Ventures
682,Revolution Ventures,$200,9/2013,2013,I,Washington D.C.,
683,Haywire, ,9/2013,2013,I,Bay Area,per blog post by Semil Shah - http://blog.semilshah.com/2013/09/07/making-an-addition-to-my-twitter-bio-investor/
684,Initialized Capital,$39,8/2013,2013,II,Bay Area,per SEC filing
685,YL Ventures,$27.5,7/2013,2013,II,Israel,
686,Homebrew Ventures,$35,7/2013,2013,I,Bay Area,http://finance.fortune.cnn.com/2013/07/02/exclusive-homebrew-closes-debut-fund/
687,Wing Venture Partners,$111,7/2013,2013,I,Bay Area,
688,Earlybird Ventures,$200,7/2013,2013,IV,Germany,
689,Scout Ventures,$4.3,6/2013,2013,I,NYC,http://pando.com/2014/05/21/liveoak-venture-partners-raises-a-109m-fund-deepens-austins-early-stage-capital-pool/
690,Chicago Ventures,$40,6/2013,2013,II,Chicago,
691,Bloomberg Beta,$75,6/2013,2013,I,Bay Area and NYC,
692,Causeway Media Partners,$80,6/2013,2013,I,Boston,sports media realted investments
693,Aleph,$120,6/2013,2013,I,Israel,
694,Upfront,$200,6/2013,2013,IV,LA,fka GRP
695,Red Sea Ventures,$30,5/2013,2013,I,NYC,http://www.redseaventurepartners.com/
696,InverSur Capital,$30,5/2013,2013,I,Chile,
697,Bowery Capital,$33,5/2013,2013,I,NYC,
698,Pelion Venture Partners,$194,5/2013,2013,V,Salt Lake City,
699,EIS Angel Co-Investment,$7.5,4/2013,2013,II,London,affliated with DFJ Esprit
700,BoldStart Ventures,$20,4/2013,2013,I,NYC,
701,Blackbird Ventures,$25,4/2013,2013,I,Australia,Targeting $30M
702,Kickstart Seed Fund,$26,4/2013,2013,II,Utah,focusing on early stage investments in Utah
703,Karlani Capital,$30,3/2013,2013,I,NYC,data provided by the firm
704,Westly Group,$160,3/2013,2013,II,Bay Area,http://gigaom.com/2013/03/19/westly-group-raises-a-160m-gasp-cleantech-fund/
705,Velos Capital,$15,3/2013,2013,I,Los Angeles,"according to Fortune, they are having a 1st close soon"
706,Point Nine Capital,$54,2/2013,2013,II,"Berlin, Germany",http://thenextweb.com/insider/2013/02/13/germanys-point-nine-capital-raises-a-new-54m-early-stage-fund/
707,Work-Bench Ventures,$10,12/2013,2013,I,NYC,http://pando.com/2013/12/03/work-bench-announces-10-million-fund-to-back-enterprise-startups/
708,WindSail Capital,$20.4,12/2013,2013,I,Boston,clean energy focus
709,Hoxton Ventures,$40,12/2013,2013,I,London,http://thenextweb.com/insider/2013/12/04/londons-hoxton-ventures-raises-40m-fund-early-stage-european-startups/
710,Forerunner Ventures,$55.5,12/2013,2013,II,Bay Area,
711,Illuminate,$20,11/2013,2013,I,Bay Area,http://launch.co/story/women-led-vc-firm-illuminatevc-raises-20m-fund-to-invest-in-early
712,PivotNorth Capital,$35,11/2013,2013,II,Bay Area,
713,LionBird,$20,10/2013,2013,I,Tel Aviv,
714,500 Startups,$44,10/2013,2013,II,Bay Area HQ,
715,Ludlow Ventures,$15,1/2013,2013,I,Detroit,"Targeting $15M, not clear how much they have raised so far"
716,Amplify Partners,$40,1/2013,2013,I,"Cambridge, MA","Looks like the target is $40M, unclear how much they have raised to date"
717,Ribbit Capital,$100,1/2013,2013,I,Palo Alto,focused on financial service sector
718,LiveOak Ventures Partners,$109,1/2013,2013,I,"Austin, Texas",
719,Raptor Ventures,$32,9/2012,2012,I,NYC,"First close, targeting $75M"
720,Tribeca Venture Partners,$64,9/2012,2012,I,NYC,"First close, targeting $100M"
721,Founder Collective,$70,9/2012,2012,II,"Cambridge, NYC",
722,Thrive,$150,9/2012,2012,III,NYC,
723,Data Collective,$10,8/2012,2012,I,Bay Area,per GigaOm article
724,SV Angel,$40,8/2012,2012,IV,Bay Area,
725,Kibo Ventures,$60,8/2012,2012,I,"Madrid, Spain",
726,Bee Partners,$5,7/2012,2012,I,Bay Area,
727,Version One Ventures,$15,7/2012,2012,I,"Vancover, Canada",
728,Dundee Venture Capital,$15,7/2012,2012,II,"Omaha, Nebraska, USA",
729,Cowboy Ventures,$36,7/2012,2012,I,Bay Area,Targeting $40M
730,K9 Ventures,$40,7/2012,2012,II,Bay Area,
731,Forerunner Ventures,$40,7/2012,2012,I,Bay Area,
732,Floodgate,$75,7/2012,2012,IV,Bay Area,
733,Mercato Partners,$115,7/2012,2012,II,Salt Lake City,
734,Bullpen,$25,6/2012,2012,III,Bay Area,Targeting $35M
735,Felicis Ventures,$70,6/2012,2012,III,Bay Area,
736,Merus Capital,$20,5/2012,2012,II,Bay Area,Targeting $100M
737,Connect Ventures,$21,5/2012,2012,I,London,"First close, targeting $57M"
738,Vegas Tech Fund,$50,5/2012,2012,I,"Las Vegas, Nevada",
739,First Round Capital,$135,5/2012,2012,IV,"Bay Area, NYC, Philly",
740,PowerFund,$28,4/2012,2012,II,"Boulder, Colorado",David Cohen's Fund (of Techstars)
741,Okapi Ventures,$20,3/2012,2012,II,Los Angeles,
742,Core Innovation Capital,$45,3/2012,2012,I,NYC,
743,Learn Capital,$50,3/2012,2012,I,Bay Area,
744,Emergent Medical Partners,$55,3/2012,2012,I,Bay Area,life science fund
745,BBVA Ventures,$100,3/2012,2012,I,"Madrin, Spain and San Francisco",fintech focused - venture are of BBVA a global bank
746,Relay Ventures,$150,3/2012,2012,VIII,Bay Area and Toronto,
747,OpenView,$200,3/2012,2012,III,Boston,Growth stage fund
748,Initialized Capital,$7,2/2012,2012,I,Bay Area,
749,NextView Ventures,$21,2/2012,2012,I,"Boston, NYC",
750,IA Ventures,$105,2/2012,2012,III,NYC,
751,Nya Ventures,$4.5,12/2012,2012,I,"Seattle, USA / India","First close, targeting $50M"
752,MentorTech Ventures,$24,12/2012,2012,III,"Philadelphia, PA, USA",
753,Costanoa Venture Capital,$100,12/2012,2012,I,Bay Area,
754,iNovia Capital,$110,12/2012,2012,III,"Montreal, Canada",
755,.406 Ventures,$175,12/2012,2012,II,Boston,
756,OATV,$85,11/2012,2012,III,"Bay Area, Utah",
757,Greycroft,$175,11/2012,2012,III,"NYC, LA",
758,MESA+,$10,10/2012,2012,I,NYC,
759,Lerer Ventures,$35,10/2012,2012,III,NYC,
760,SoftTechVC,$55,1/2012,2012,III,Bay Area,
761,Correlation Ventures,$165,1/2012,2012,I,"San Diego, CA",
762,I2A,$12,03/2012,2012,I,Chicago,Targeting $40M
763,Crunchfund,$20,9/2011,2011,I,Bay Area,
764,Freestyle,$27,9/2011,2011,I,Bay Area,
765,Union Square Ventures,$200,9/2011,2011,III,NYC,
766,Golden Ventures Partners,$15,6/2011,2011,I,"Toronto, Canada",
767,PivotNorth Capital,$35,4/2011,2011,I,Bay Area,
768,Passion Capital,$60,4/2011,2011,I,London,
769,Founders Co-Op,$7.5,12/2011,2011,II,"Seattle, USA",
770,212 Ventures,$30,12/2011,2011,I,"Istanbul, Turkey",
771,ff VC,$27,11/2011,2011,III,NYC,
772,500 Startups,$29,11/2011,2011,I,"Bay Area, NYC, Mexico, Brazil, India",
773,Resolute Ventures,$25,1/1/2011,2011,I,"Boston, Bay Area",
774,Sierra Ventures,$200,1/2011,2011,X,Bay Area,
